

-- Paises
INSERT INTO catalogos_pais (codigo, nombre, continente, region,usuario_registro_id,fecha_registro,is_active) VALUES
('ABW', 'Aruba', 'North America', 'Caribbean',1,current_timestamp,NULL),
('AFG', 'Afghanistan', 'Asia', 'Southern and Central Asia',1,current_timestamp,NULL),
('AGO', 'Angola', 'Africa', 'Central Africa',1,current_timestamp,NULL),
('AIA', 'Anguilla', 'North America', 'Caribbean',1,current_timestamp,NULL),
('ALB', 'Albania', 'Europe', 'Southern Europe',1,current_timestamp,NULL),
('AND', 'Andorra', 'Europe', 'Southern Europe',1,current_timestamp,NULL),
('ANT', 'Netherlands Antilles', 'North America', 'Caribbean',1,current_timestamp,NULL),
('ARE', 'United Arab Emirates', 'Asia', 'Middle East',1,current_timestamp,NULL),
('ARG', 'Argentina', 'South America', 'South America',1,current_timestamp,NULL),
('ARM', 'Armenia', 'Asia', 'Middle East',1,current_timestamp,NULL),
('ASM', 'American Samoa', 'Oceania', 'Polynesia',1,current_timestamp,NULL),
('ATA', 'Antarctica', 'Antarctica', 'Antarctica',1,current_timestamp,NULL),
('ATF', 'French Southern territories', 'Antarctica', 'Antarctica',1,current_timestamp,NULL),
('ATG', 'Antigua and Barbuda', 'North America', 'Caribbean',1,current_timestamp,NULL),
('AUS', 'Australia', 'Oceania', 'Australia and New Zealand',1,current_timestamp,NULL),
('AUT', 'Austria', 'Europe', 'Western Europe',1,current_timestamp,NULL),
('AZE', 'Azerbaijan', 'Asia', 'Middle East',1,current_timestamp,NULL),
('BDI', 'Burundi', 'Africa', 'Eastern Africa',1,current_timestamp,NULL),
('BEL', 'Belgium', 'Europe', 'Western Europe',1,current_timestamp,NULL),
('BEN', 'Benin', 'Africa', 'Western Africa',1,current_timestamp,NULL),
('BFA', 'Burkina Faso', 'Africa', 'Western Africa',1,current_timestamp,NULL),
('BGD', 'Bangladesh', 'Asia', 'Southern and Central Asia',1,current_timestamp,NULL),
('BGR', 'Bulgaria', 'Europe', 'Eastern Europe',1,current_timestamp,NULL),
('BHR', 'Bahrain', 'Asia', 'Middle East',1,current_timestamp,NULL),
('BHS', 'Bahamas', 'North America', 'Caribbean',1,current_timestamp,NULL),
('BIH', 'Bosnia and Herzegovina', 'Europe', 'Southern Europe',1,current_timestamp,NULL),
('BLR', 'Belarus', 'Europe', 'Eastern Europe',1,current_timestamp,NULL),
('BLZ', 'Belize', 'North America', 'Central America',1,current_timestamp,NULL),
('BMU', 'Bermuda', 'North America', 'North America',1,current_timestamp,NULL),
('BOL', 'Bolivia', 'South America', 'South America',1,current_timestamp,NULL),
('BRA', 'Brazil', 'South America', 'South America',1,current_timestamp,NULL),
('BRB', 'Barbados', 'North America', 'Caribbean',1,current_timestamp,NULL),
('BRN', 'Brunei', 'Asia', 'Southeast Asia',1,current_timestamp,NULL),
('BTN', 'Bhutan', 'Asia', 'Southern and Central Asia',1,current_timestamp,NULL),
('BVT', 'Bouvet Island', 'Antarctica', 'Antarctica',1,current_timestamp,NULL),
('BWA', 'Botswana', 'Africa', 'Southern Africa',1,current_timestamp,NULL),
('CAF', 'Central African Republic', 'Africa', 'Central Africa',1,current_timestamp,NULL),
('CAN', 'Canada', 'North America', 'North America',1,current_timestamp,NULL),
('CCK', 'Cocos (Keeling) Islands', 'Oceania', 'Australia and New Zealand',1,current_timestamp,NULL),
('CHE', 'Switzerland', 'Europe', 'Western Europe',1,current_timestamp,NULL),
('CHL', 'Chile', 'South America', 'South America',1,current_timestamp,NULL),
('CHN', 'China', 'Asia', 'Eastern Asia',1,current_timestamp,NULL),
('CIV', 'Côte d’Ivoire', 'Africa', 'Western Africa',1,current_timestamp,NULL),
('CMR', 'Cameroon', 'Africa', 'Central Africa',1,current_timestamp,NULL),
('COD', 'Congo, The Democratic Republic of the', 'Africa', 'Central Africa',1,current_timestamp,NULL),
('COG', 'Congo', 'Africa', 'Central Africa',1,current_timestamp,NULL),
('COK', 'Cook Islands', 'Oceania', 'Polynesia',1,current_timestamp,NULL),
('COL', 'Colombia', 'South America', 'South America',1,current_timestamp,NULL),
('COM', 'Comoros', 'Africa', 'Eastern Africa',1,current_timestamp,NULL),
('CPV', 'Cape Verde', 'Africa', 'Western Africa',1,current_timestamp,NULL),
('CRI', 'Costa Rica', 'North America', 'Central America',1,current_timestamp,NULL),
('CUB', 'Cuba', 'North America', 'Caribbean',1,current_timestamp,NULL),
('CXR', 'Christmas Island', 'Oceania', 'Australia and New Zealand',1,current_timestamp,NULL),
('CYM', 'Cayman Islands', 'North America', 'Caribbean',1,current_timestamp,NULL),
('CYP', 'Cyprus', 'Asia', 'Middle East',1,current_timestamp,NULL),
('CZE', 'Czech Republic', 'Europe', 'Eastern Europe',1,current_timestamp,NULL),
('DEU', 'Germany', 'Europe', 'Western Europe',1,current_timestamp,NULL),
('DJI', 'Djibouti', 'Africa', 'Eastern Africa',1,current_timestamp,NULL),
('DMA', 'Dominica', 'North America', 'Caribbean',1,current_timestamp,NULL),
('DNK', 'Denmark', 'Europe', 'Nordic Countries',1,current_timestamp,NULL),
('DOM', 'Dominican Republic', 'North America', 'Caribbean',1,current_timestamp,NULL),
('DZA', 'Algeria', 'Africa', 'Northern Africa',1,current_timestamp,NULL),
('ECU', 'Ecuador', 'South America', 'South America',1,current_timestamp,NULL),
('EGY', 'Egypt', 'Africa', 'Northern Africa',1,current_timestamp,NULL),
('ERI', 'Eritrea', 'Africa', 'Eastern Africa',1,current_timestamp,NULL),
('ESH', 'Western Sahara', 'Africa', 'Northern Africa',1,current_timestamp,NULL),
('ESP', 'Spain', 'Europe', 'Southern Europe',1,current_timestamp,NULL),
('EST', 'Estonia', 'Europe', 'Baltic Countries',1,current_timestamp,NULL),
('ETH', 'Ethiopia', 'Africa', 'Eastern Africa',1,current_timestamp,NULL),
('FIN', 'Finland', 'Europe', 'Nordic Countries',1,current_timestamp,NULL),
('FJI', 'Fiji Islands', 'Oceania', 'Melanesia',1,current_timestamp,NULL),
('FLK', 'Falkland Islands', 'South America', 'South America',1,current_timestamp,NULL),
('FRA', 'France', 'Europe', 'Western Europe',1,current_timestamp,NULL),
('FRO', 'Faroe Islands', 'Europe', 'Nordic Countries',1,current_timestamp,NULL),
('FSM', 'Micronesia, Federated States of', 'Oceania', 'Micronesia',1,current_timestamp,NULL),
('GAB', 'Gabon', 'Africa', 'Central Africa',1,current_timestamp,NULL),
('GBR', 'United Kingdom', 'Europe', 'British Islands',1,current_timestamp,NULL),
('GEO', 'Georgia', 'Asia', 'Middle East',1,current_timestamp,NULL),
('GHA', 'Ghana', 'Africa', 'Western Africa',1,current_timestamp,NULL),
('GIB', 'Gibraltar', 'Europe', 'Southern Europe',1,current_timestamp,NULL),
('GIN', 'Guinea', 'Africa', 'Western Africa',1,current_timestamp,NULL),
('GLP', 'Guadeloupe', 'North America', 'Caribbean',1,current_timestamp,NULL),
('GMB', 'Gambia', 'Africa', 'Western Africa',1,current_timestamp,NULL),
('GNB', 'Guinea-Bissau', 'Africa', 'Western Africa',1,current_timestamp,NULL),
('GNQ', 'Equatorial Guinea', 'Africa', 'Central Africa',1,current_timestamp,NULL),
('GRC', 'Greece', 'Europe', 'Southern Europe',1,current_timestamp,NULL),
('GRD', 'Grenada', 'North America', 'Caribbean',1,current_timestamp,NULL),
('GRL', 'Greenland', 'North America', 'North America',1,current_timestamp,NULL),
('GTM', 'Guatemala', 'North America', 'Central America',1,current_timestamp,NULL),
('GUF', 'French Guiana', 'South America', 'South America',1,current_timestamp,NULL),
('GUM', 'Guam', 'Oceania', 'Micronesia',1,current_timestamp,NULL),
('GUY', 'Guyana', 'South America', 'South America',1,current_timestamp,NULL),
('HKG', 'Hong Kong', 'Asia', 'Eastern Asia',1,current_timestamp,NULL),
('HMD', 'Heard Island and McDonald Islands', 'Antarctica', 'Antarctica',1,current_timestamp,NULL),
('HND', 'Honduras', 'North America', 'Central America',1,current_timestamp,NULL),
('HRV', 'Croatia', 'Europe', 'Southern Europe',1,current_timestamp,NULL),
('HTI', 'Haiti', 'North America', 'Caribbean',1,current_timestamp,NULL),
('HUN', 'Hungary', 'Europe', 'Eastern Europe',1,current_timestamp,NULL),
('IDN', 'Indonesia', 'Asia', 'Southeast Asia',1,current_timestamp,NULL),
('IND', 'India', 'Asia', 'Southern and Central Asia',1,current_timestamp,NULL),
('IOT', 'British Indian Ocean Territory', 'Africa', 'Eastern Africa',1,current_timestamp,NULL),
('IRL', 'Ireland', 'Europe', 'British Islands',1,current_timestamp,NULL),
('IRN', 'Iran', 'Asia', 'Southern and Central Asia',1,current_timestamp,NULL),
('IRQ', 'Iraq', 'Asia', 'Middle East',1,current_timestamp,NULL),
('ISL', 'Iceland', 'Europe', 'Nordic Countries',1,current_timestamp,NULL),
('ISR', 'Israel', 'Asia', 'Middle East',1,current_timestamp,NULL),
('ITA', 'Italy', 'Europe', 'Southern Europe',1,current_timestamp,NULL),
('JAM', 'Jamaica', 'North America', 'Caribbean',1,current_timestamp,NULL),
('JOR', 'Jordan', 'Asia', 'Middle East',1,current_timestamp,NULL),
('JPN', 'Japan', 'Asia', 'Eastern Asia',1,current_timestamp,NULL),
('KAZ', 'Kazakstan', 'Asia', 'Southern and Central Asia',1,current_timestamp,NULL),
('KEN', 'Kenya', 'Africa', 'Eastern Africa',1,current_timestamp,NULL),
('KGZ', 'Kyrgyzstan', 'Asia', 'Southern and Central Asia',1,current_timestamp,NULL),
('KHM', 'Cambodia', 'Asia', 'Southeast Asia',1,current_timestamp,NULL),
('KIR', 'Kiribati', 'Oceania', 'Micronesia',1,current_timestamp,NULL),
('KNA', 'Saint Kitts and Nevis', 'North America', 'Caribbean',1,current_timestamp,NULL),
('KOR', 'South Korea', 'Asia', 'Eastern Asia',1,current_timestamp,NULL),
('KWT', 'Kuwait', 'Asia', 'Middle East',1,current_timestamp,NULL),
('LAO', 'Laos', 'Asia', 'Southeast Asia',1,current_timestamp,NULL),
('LBN', 'Lebanon', 'Asia', 'Middle East',1,current_timestamp,NULL),
('LBR', 'Liberia', 'Africa', 'Western Africa',1,current_timestamp,NULL),
('LBY', 'Libyan Arab Jamahiriya', 'Africa', 'Northern Africa',1,current_timestamp,NULL),
('LCA', 'Saint Lucia', 'North America', 'Caribbean',1,current_timestamp,NULL),
('LIE', 'Liechtenstein', 'Europe', 'Western Europe',1,current_timestamp,NULL),
('LKA', 'Sri Lanka', 'Asia', 'Southern and Central Asia',1,current_timestamp,NULL),
('LSO', 'Lesotho', 'Africa', 'Southern Africa',1,current_timestamp,NULL),
('LTU', 'Lithuania', 'Europe', 'Baltic Countries',1,current_timestamp,NULL),
('LUX', 'Luxembourg', 'Europe', 'Western Europe',1,current_timestamp,NULL),
('LVA', 'Latvia', 'Europe', 'Baltic Countries',1,current_timestamp,NULL),
('MAC', 'Macao', 'Asia', 'Eastern Asia',1,current_timestamp,NULL),
('MAR', 'Morocco', 'Africa', 'Northern Africa',1,current_timestamp,NULL),
('MCO', 'Monaco', 'Europe', 'Western Europe',1,current_timestamp,NULL),
('MDA', 'Moldova', 'Europe', 'Eastern Europe',1,current_timestamp,NULL),
('MDG', 'Madagascar', 'Africa', 'Eastern Africa',1,current_timestamp,NULL),
('MDV', 'Maldives', 'Asia', 'Southern and Central Asia',1,current_timestamp,NULL),
('MEX', 'Mexico', 'North America', 'Central America',1,current_timestamp,NULL),
('MHL', 'Marshall Islands', 'Oceania', 'Micronesia',1,current_timestamp,NULL),
('MKD', 'Macedonia', 'Europe', 'Southern Europe',1,current_timestamp,NULL),
('MLI', 'Mali', 'Africa', 'Western Africa',1,current_timestamp,NULL),
('MLT', 'Malta', 'Europe', 'Southern Europe',1,current_timestamp,NULL),
('MMR', 'Myanmar', 'Asia', 'Southeast Asia',1,current_timestamp,NULL),
('MNG', 'Mongolia', 'Asia', 'Eastern Asia',1,current_timestamp,NULL),
('MNP', 'Northern Mariana Islands', 'Oceania', 'Micronesia',1,current_timestamp,NULL),
('MOZ', 'Mozambique', 'Africa', 'Eastern Africa',1,current_timestamp,NULL),
('MRT', 'Mauritania', 'Africa', 'Western Africa',1,current_timestamp,NULL),
('MSR', 'Montserrat', 'North America', 'Caribbean',1,current_timestamp,NULL),
('MTQ', 'Martinique', 'North America', 'Caribbean',1,current_timestamp,NULL),
('MUS', 'Mauritius', 'Africa', 'Eastern Africa',1,current_timestamp,NULL),
('MWI', 'Malawi', 'Africa', 'Eastern Africa',1,current_timestamp,NULL),
('MYS', 'Malaysia', 'Asia', 'Southeast Asia',1,current_timestamp,NULL),
('MYT', 'Mayotte', 'Africa', 'Eastern Africa',1,current_timestamp,NULL),
('NAM', 'Namibia', 'Africa', 'Southern Africa',1,current_timestamp,NULL),
('NCL', 'New Caledonia', 'Oceania', 'Melanesia',1,current_timestamp,NULL),
('NER', 'Niger', 'Africa', 'Western Africa',1,current_timestamp,NULL),
('NFK', 'Norfolk Island', 'Oceania', 'Australia and New Zealand',1,current_timestamp,NULL),
('NGA', 'Nigeria', 'Africa', 'Western Africa',1,current_timestamp,NULL),
('NIC', 'Nicaragua', 'North America', 'Central America',1,current_timestamp,NULL),
('NIU', 'Niue', 'Oceania', 'Polynesia',1,current_timestamp,NULL),
('NLD', 'Netherlands', 'Europe', 'Western Europe',1,current_timestamp,NULL),
('NOR', 'Norway', 'Europe', 'Nordic Countries',1,current_timestamp,NULL),
('NPL', 'Nepal', 'Asia', 'Southern and Central Asia',1,current_timestamp,NULL),
('NRU', 'Nauru', 'Oceania', 'Micronesia',1,current_timestamp,NULL),
('NZL', 'New Zealand', 'Oceania', 'Australia and New Zealand',1,current_timestamp,NULL),
('OMN', 'Oman', 'Asia', 'Middle East',1,current_timestamp,NULL),
('PAK', 'Pakistan', 'Asia', 'Southern and Central Asia',1,current_timestamp,NULL),
('PAN', 'Panama', 'North America', 'Central America',1,current_timestamp,NULL),
('PCN', 'Pitcairn', 'Oceania', 'Polynesia',1,current_timestamp,NULL),
('PER', 'Peru', 'South America', 'South America',1,current_timestamp,NULL),
('PHL', 'Philippines', 'Asia', 'Southeast Asia',1,current_timestamp,NULL),
('PLW', 'Palau', 'Oceania', 'Micronesia',1,current_timestamp,NULL),
('PNG', 'Papua New Guinea', 'Oceania', 'Melanesia',1,current_timestamp,NULL),
('POL', 'Poland', 'Europe', 'Eastern Europe',1,current_timestamp,NULL),
('PRI', 'Puerto Rico', 'North America', 'Caribbean',1,current_timestamp,NULL),
('PRK', 'North Korea', 'Asia', 'Eastern Asia',1,current_timestamp,NULL),
('PRT', 'Portugal', 'Europe', 'Southern Europe',1,current_timestamp,NULL),
('PRY', 'Paraguay', 'South America', 'South America',1,current_timestamp,NULL),
('PSE', 'Palestine', 'Asia', 'Middle East',1,current_timestamp,NULL),
('PYF', 'French Polynesia', 'Oceania', 'Polynesia',1,current_timestamp,NULL),
('QAT', 'Qatar', 'Asia', 'Middle East',1,current_timestamp,NULL),
('REU', 'Réunion', 'Africa', 'Eastern Africa',1,current_timestamp,NULL),
('ROM', 'Romania', 'Europe', 'Eastern Europe',1,current_timestamp,NULL),
('RUS', 'Russian Federation', 'Europe', 'Eastern Europe',1,current_timestamp,NULL),
('RWA', 'Rwanda', 'Africa', 'Eastern Africa',1,current_timestamp,NULL),
('SAU', 'Saudi Arabia', 'Asia', 'Middle East',1,current_timestamp,NULL),
('SDN', 'Sudan', 'Africa', 'Northern Africa',1,current_timestamp,NULL),
('SEN', 'Senegal', 'Africa', 'Western Africa',1,current_timestamp,NULL),
('SGP', 'Singapore', 'Asia', 'Southeast Asia',1,current_timestamp,NULL),
('SGS', 'South Georgia and the South Sandwich Islands', 'Antarctica', 'Antarctica',1,current_timestamp,NULL),
('SHN', 'Saint Helena', 'Africa', 'Western Africa',1,current_timestamp,NULL),
('SJM', 'Svalbard and Jan Mayen', 'Europe', 'Nordic Countries',1,current_timestamp,NULL),
('SLB', 'Solomon Islands', 'Oceania', 'Melanesia',1,current_timestamp,NULL),
('SLE', 'Sierra Leone', 'Africa', 'Western Africa',1,current_timestamp,NULL),
('SLV', 'El Salvador', 'North America', 'Central America',1,current_timestamp,NULL),
('SMR', 'San Marino', 'Europe', 'Southern Europe',1,current_timestamp,NULL),
('SOM', 'Somalia', 'Africa', 'Eastern Africa',1,current_timestamp,NULL),
('SPM', 'Saint Pierre and Miquelon', 'North America', 'North America',1,current_timestamp,NULL),
('STP', 'Sao Tome and Principe', 'Africa', 'Central Africa',1,current_timestamp,NULL),
('SUR', 'Suriname', 'South America', 'South America',1,current_timestamp,NULL),
('SVK', 'Slovakia', 'Europe', 'Eastern Europe',1,current_timestamp,NULL),
('SVN', 'Slovenia', 'Europe', 'Southern Europe',1,current_timestamp,NULL),
('SWE', 'Sweden', 'Europe', 'Nordic Countries',1,current_timestamp,NULL),
('SWZ', 'Swaziland', 'Africa', 'Southern Africa',1,current_timestamp,NULL),
('SYC', 'Seychelles', 'Africa', 'Eastern Africa',1,current_timestamp,NULL),
('SYR', 'Syria', 'Asia', 'Middle East',1,current_timestamp,NULL),
('TCA', 'Turks and Caicos Islands', 'North America', 'Caribbean',1,current_timestamp,NULL),
('TCD', 'Chad', 'Africa', 'Central Africa',1,current_timestamp,NULL),
('TGO', 'Togo', 'Africa', 'Western Africa',1,current_timestamp,NULL),
('THA', 'Thailand', 'Asia', 'Southeast Asia',1,current_timestamp,NULL),
('TJK', 'Tajikistan', 'Asia', 'Southern and Central Asia',1,current_timestamp,NULL),
('TKL', 'Tokelau', 'Oceania', 'Polynesia',1,current_timestamp,NULL),
('TKM', 'Turkmenistan', 'Asia', 'Southern and Central Asia',1,current_timestamp,NULL),
('TMP', 'East Timor', 'Asia', 'Southeast Asia',1,current_timestamp,NULL),
('TON', 'Tonga', 'Oceania', 'Polynesia',1,current_timestamp,NULL),
('TTO', 'Trinidad and Tobago', 'North America', 'Caribbean',1,current_timestamp,NULL),
('TUN', 'Tunisia', 'Africa', 'Northern Africa',1,current_timestamp,NULL),
('TUR', 'Turkey', 'Asia', 'Middle East',1,current_timestamp,NULL),
('TUV', 'Tuvalu', 'Oceania', 'Polynesia',1,current_timestamp,NULL),
('TWN', 'Taiwan', 'Asia', 'Eastern Asia',1,current_timestamp,NULL),
('TZA', 'Tanzania', 'Africa', 'Eastern Africa',1,current_timestamp,NULL),
('UGA', 'Uganda', 'Africa', 'Eastern Africa',1,current_timestamp,NULL),
('UKR', 'Ukraine', 'Europe', 'Eastern Europe',1,current_timestamp,NULL),
('UMI', 'United States Minor Outlying Islands', 'Oceania', 'Micronesia/Caribbean',1,current_timestamp,NULL),
('URY', 'Uruguay', 'South America', 'South America',1,current_timestamp,NULL),
('USA', 'United States', 'North America', 'North America',1,current_timestamp,NULL),
('UZB', 'Uzbekistan', 'Asia', 'Southern and Central Asia',1,current_timestamp,NULL),
('VAT', 'Holy See (Vatican City State)', 'Europe', 'Southern Europe',1,current_timestamp,NULL),
('VCT', 'Saint Vincent and the Grenadines', 'North America', 'Caribbean',1,current_timestamp,NULL),
('VEN', 'Venezuela', 'South America', 'South America',1,current_timestamp,NULL),
('VGB', 'Virgin Islands, British', 'North America', 'Caribbean',1,current_timestamp,NULL),
('VIR', 'Virgin Islands, U.S.', 'North America', 'Caribbean',1,current_timestamp,NULL),
('VNM', 'Vietnam', 'Asia', 'Southeast Asia',1,current_timestamp,NULL),
('VUT', 'Vanuatu', 'Oceania', 'Melanesia',1,current_timestamp,NULL),
('WLF', 'Wallis and Futuna', 'Oceania', 'Polynesia',1,current_timestamp,NULL),
('WSM', 'Samoa', 'Oceania', 'Polynesia',1,current_timestamp,NULL),
('YEM', 'Yemen', 'Asia', 'Middle East',1,current_timestamp,NULL),
('YUG', 'Yugoslavia', 'Europe', 'Southern Europe',1,current_timestamp,NULL),
('ZAF', 'South Africa', 'Africa', 'Southern Africa',1,current_timestamp,NULL),
('ZMB', 'Zambia', 'Africa', 'Eastern Africa',1,current_timestamp,NULL),
('ZWE', 'Zimbabwe', 'Africa', 'Eastern Africa',1,current_timestamp,NULL);
--Estados
INSERT INTO catalogos_estado (codigo, nombre, abreviatura, usuario_registro_id,pais_id,fecha_registro,is_active) VALUES
('01', 'Aguascalientes', 'Ags.', 1,136,current_timestamp,NULL),
('02', 'Baja California', 'BC', 1,136,current_timestamp,NULL),
('03', 'Baja California Sur', 'BCS', 1,136,current_timestamp,NULL),
('04', 'Campeche', 'Camp.', 1,136,current_timestamp,NULL),
('05', 'Coahuila de Zaragoza', 'Coah.', 1,136,current_timestamp,NULL),
('06', 'Colima', 'Col.', 1,136,current_timestamp,NULL),
('07', 'Chiapas', 'Chis.', 1,136,current_timestamp,NULL),
('08', 'Chihuahua', 'Chih.', 1,136,current_timestamp,NULL),
('09', 'Distrito Federal', 'DF', 1,136,current_timestamp,NULL),
('10', 'Durango', 'Dgo.', 1,136,current_timestamp,NULL),
('11', 'Guanajuato', 'Gto.', 1,136,current_timestamp,NULL),
('12', 'Guerrero', 'Gro.', 1,136,current_timestamp,NULL),
('13', 'Hidalgo', 'Hgo.', 1,136,current_timestamp,NULL),
('14', 'Jalisco', 'Jal.', 1,136,current_timestamp,NULL),
('15', 'México', 'Mex.', 1,136,current_timestamp,NULL),
('16', 'Michoacán de Ocampo', 'Mich.', 1,136,current_timestamp,NULL),
('17', 'Morelos', 'Mor.', 1,136,current_timestamp,NULL),
('18', 'Nayarit', 'Nay.', 1,136,current_timestamp,NULL),
('19', 'Nuevo León', 'NL', 1,136,current_timestamp,NULL),
('20', 'Oaxaca', 'Oax.', 1,136,current_timestamp,NULL),
('21', 'Puebla', 'Pue.', 1,136,current_timestamp,NULL),
('22', 'Querétaro', 'Qro.', 1,136,current_timestamp,NULL),
('23', 'Quintana Roo', 'Q. Roo', 1,136,current_timestamp,NULL),
('24', 'San Luis Potosí', 'SLP', 1,136,current_timestamp,NULL),
('25', 'Sinaloa', 'Sin.', 1,136,current_timestamp,NULL),
('26', 'Sonora', 'Son.', 1,136,current_timestamp,NULL),
('27', 'Tabasco', 'Tab.', 1,136,current_timestamp,NULL),
('28', 'Tamaulipas', 'Tamps.', 1,136,current_timestamp,NULL),
('29', 'Tlaxcala', 'Tlax.', 1,136,current_timestamp,NULL),
('30', 'Veracruz de Ignacio de la Llave', 'Ver.', 1,136,current_timestamp,NULL),
('31', 'Yucatán', 'Yuc.', 1,136,current_timestamp,NULL),
('32', 'Zacatecas', 'Zac.', 1,136,current_timestamp,NULL);

-- Municipios
INSERT INTO catalogos_municipio (codigo, nombre, estado_id,usuario_registro_id,fecha_registro,is_active) VALUES
(1, 'Aguascalientes', 1,1,current_timestamp,NULL),
(2, 'Asientos', 1,1,current_timestamp,NULL),
(3, 'Calvillo', 1,1,current_timestamp,NULL),
(4, 'Cosío', 1,1,current_timestamp,NULL),
(5, 'Jesús Maria', 1,1,current_timestamp,NULL),
(6, 'Pabellón de Arteaga', 1,1,current_timestamp,NULL),
(7, 'Rincón de Romos', 1,1,current_timestamp,NULL),
(8, 'San José de Gracia', 1,1,current_timestamp,NULL),
(9, 'Tepezalá', 1,1,current_timestamp,NULL),
(10, 'San Francisco de los Romo', 1,1,current_timestamp,NULL),
(11, 'El Llano', 1,1,current_timestamp,NULL),
(12, 'Ensenada', 2,1,current_timestamp,NULL),
(13, 'Mexicali', 2,1,current_timestamp,NULL),
(14, 'Tecate', 2,1,current_timestamp,NULL),
(15, 'Tijuana', 2,1,current_timestamp,NULL),
(16, 'Playas de Rosarito', 2,1,current_timestamp,NULL),
(17, 'Rosarito', 2,1,current_timestamp,NULL),
(18, 'Ciudad Guadalupe Victoria', 2,1,current_timestamp,NULL),
(19, 'San Felipe', 2,1,current_timestamp,NULL),
(20, 'San Quintín', 2,1,current_timestamp,NULL),
(21, 'Ciudad Morelos', 2,1,current_timestamp,NULL),
(22, 'Los Algodones', 2,1,current_timestamp,NULL),
(23, 'La Rumorosa', 2,1,current_timestamp,NULL),
(24, 'Cataviña', 2,1,current_timestamp,NULL),
(25, 'Colonet', 2,1,current_timestamp,NULL),
(26, 'Cedros', 2,1,current_timestamp,NULL),
(27, 'Guadalupe', 2,1,current_timestamp,NULL),
(28, 'Islas Coronado', 2,1,current_timestamp,NULL),
(29, 'Comondú', 3,1,current_timestamp,NULL),
(30, 'Mulegé', 3,1,current_timestamp,NULL),
(31, 'La Paz', 3,1,current_timestamp,NULL),
(32, 'Los Cabos', 3,1,current_timestamp,NULL),
(33, 'Loreto', 3,1,current_timestamp,NULL),
(34, 'CALKINÍ', 4,1,current_timestamp,NULL),
(35, 'CAMPECHE', 4,1,current_timestamp,NULL),
(36, 'CARMEN', 4,1,current_timestamp,NULL),
(37, 'CHAMPOTÓN', 4,1,current_timestamp,NULL),
(38, 'HECELCHAKÁN', 4,1,current_timestamp,NULL),
(39, 'HOPELCHÉN', 4,1,current_timestamp,NULL),
(40, 'PALIZADA', 4,1,current_timestamp,NULL),
(41, 'TENABO', 4,1,current_timestamp,NULL),
(42, 'ESCÁRCEGA', 4,1,current_timestamp,NULL),
(43, 'CALAKMUL', 4,1,current_timestamp,NULL),
(44, 'CANDELARIA', 4,1,current_timestamp,NULL),
(45, 'ACACOYAGUA ', 5,1,current_timestamp,NULL),
(46, 'ACALA ', 5,1,current_timestamp,NULL),
(47, 'ACAPETAHUA ', 5,1,current_timestamp,NULL),
(48, 'ALDAMA ', 5,1,current_timestamp,NULL),
(49, 'ALTAMIRANO ', 5,1,current_timestamp,NULL),
(50, 'AMATÁN', 5,1,current_timestamp,NULL),
(51, 'AMATENANGO DE LA FRONTERA ', 5,1,current_timestamp,NULL),
(52, 'AMATENANGO DEL VALLE ', 5,1,current_timestamp,NULL),
(53, 'ANGEL ALBINO CORZO ', 5,1,current_timestamp,NULL),
(54, 'ARRIAGA ', 5,1,current_timestamp,NULL),
(55, 'BEJUCAL DE OCAMPO ', 5,1,current_timestamp,NULL),
(56, 'BELLA VISTA ', 5,1,current_timestamp,NULL),
(57, 'BENEMÉRITO DE LAS AMÉRICAS ', 5,1,current_timestamp,NULL),
(58, 'BERRIOZÁBAL ', 5,1,current_timestamp,NULL),
(59, 'BOCHIL ', 5,1,current_timestamp,NULL),
(60, 'EL BOSQUE \r\n', 5,1,current_timestamp,NULL),
(61, 'CACAHOATÁN ', 5,1,current_timestamp,NULL),
(62, 'CATAZAJÁ ', 5,1,current_timestamp,NULL),
(63, 'CINTALAPA ', 5,1,current_timestamp,NULL),
(64, 'COAPILLA ', 5,1,current_timestamp,NULL),
(65, 'COMITÁN DE DOMÍNGUEZ ', 5,1,current_timestamp,NULL),
(66, 'LA CONCORDIA ', 5,1,current_timestamp,NULL),
(67, 'COPAINALÁ ', 5,1,current_timestamp,NULL),
(68, 'CHALCHIHUITÁN ', 5,1,current_timestamp,NULL),
(69, 'CHAMULA ', 5,1,current_timestamp,NULL),
(70, 'CHANAL ', 5,1,current_timestamp,NULL),
(71, 'CHAPULTENANGO ', 5,1,current_timestamp,NULL),
(72, 'CHENALHÓ ', 5,1,current_timestamp,NULL),
(73, 'CHIAPA DE CORZO CORZO ', 5,1,current_timestamp,NULL),
(74, 'CHIAPILLA ', 5,1,current_timestamp,NULL),
(75, 'CHICOASÉN ', 5,1,current_timestamp,NULL),
(76, 'CHICOMUSELO ', 5,1,current_timestamp,NULL),
(77, 'CHILÓN ', 5,1,current_timestamp,NULL),
(78, 'ESCUINTLA ', 5,1,current_timestamp,NULL),
(79, 'FRANCISCO LEÓN ', 5,1,current_timestamp,NULL),
(80, 'FRONTERA COMALAPA ', 5,1,current_timestamp,NULL),
(81, 'FRONTERA HIDALGO ', 5,1,current_timestamp,NULL),
(82, 'LA GRANDEZA ', 5,1,current_timestamp,NULL),
(83, 'HUHUETÁN ', 5,1,current_timestamp,NULL),
(84, 'HUIXTÁN ', 5,1,current_timestamp,NULL),
(85, 'HUITIUPÁN ', 5,1,current_timestamp,NULL),
(86, 'HUIXTLA ', 5,1,current_timestamp,NULL),
(87, 'LA INDEPENDENCIA ', 5,1,current_timestamp,NULL),
(88, 'IXHUATÁN ', 5,1,current_timestamp,NULL),
(89, 'IXTACOMITÁN ', 5,1,current_timestamp,NULL),
(90, 'IXTAPA ', 5,1,current_timestamp,NULL),
(91, 'IXTAPANGAJOYA ', 5,1,current_timestamp,NULL),
(92, 'JIQUIPILAS JIQUIPILAS ', 5,1,current_timestamp,NULL),
(93, 'JUÁREZ ', 5,1,current_timestamp,NULL),
(94, 'LARRÁINZAR ', 5,1,current_timestamp,NULL),
(95, 'LA LIBERTAD ', 5,1,current_timestamp,NULL),
(96, 'MAPASTEPEC ', 5,1,current_timestamp,NULL),
(97, 'MARAVILLA TENEJAPA ', 5,1,current_timestamp,NULL),
(98, 'MARQUÉS DE COMILLAS ', 5,1,current_timestamp,NULL),
(99, 'MAZAPA DE MADERO ', 5,1,current_timestamp,NULL),
(100, 'MAZATÁN ', 5,1,current_timestamp,NULL),
(101, 'METAPA ', 5,1,current_timestamp,NULL),
(102, 'MITONTIC ', 5,1,current_timestamp,NULL),
(103, 'MONTECRISTO DE GUERRERO ', 5,1,current_timestamp,NULL),
(104, 'MOTOZINTLA ', 5,1,current_timestamp,NULL),
(105, 'NICOLÁS RUÍZ ', 5,1,current_timestamp,NULL),
(106, 'OCOSINGO \r\n', 5,1,current_timestamp,NULL),
(107, 'OCOTEPEC ', 5,1,current_timestamp,NULL),
(108, 'OCOZOCOAUTLA DE ESPINOSA ', 5,1,current_timestamp,NULL),
(109, 'OSTUACÁN ', 5,1,current_timestamp,NULL),
(110, 'OSUMACINTA ', 5,1,current_timestamp,NULL),
(111, 'OXCHUC ', 5,1,current_timestamp,NULL),
(112, 'PALENQUE ', 5,1,current_timestamp,NULL),
(113, 'PANTELHÓ ', 5,1,current_timestamp,NULL),
(114, 'PANTEPEC ', 5,1,current_timestamp,NULL),
(115, 'PICHUCALCO ', 5,1,current_timestamp,NULL),
(116, 'PIJIJIAPAN ', 5,1,current_timestamp,NULL),
(117, 'EL PORVENIR ', 5,1,current_timestamp,NULL),
(118, 'PUEBLO NUEVO SOLISTAHUACÁN ', 5,1,current_timestamp,NULL),
(119, 'RAYÓN ', 5,1,current_timestamp,NULL),
(120, 'REFORMA ', 5,1,current_timestamp,NULL),
(121, 'LAS ROSAS ', 5,1,current_timestamp,NULL),
(122, 'LAS ROSAS ', 5,1,current_timestamp,NULL),
(123, 'SABANILLA ', 5,1,current_timestamp,NULL),
(124, 'SALTO DE AGUA ', 5,1,current_timestamp,NULL),
(125, 'SAN ANDRÉS DURAZNAL ', 5,1,current_timestamp,NULL),
(126, 'SAN CRISTOBAL DE LAS CASAS ', 5,1,current_timestamp,NULL),
(127, 'SAN FERNANDO ', 5,1,current_timestamp,NULL),
(128, 'SAN JUAN CANCUC ', 5,1,current_timestamp,NULL),
(129, 'SAN LUCAS ', 5,1,current_timestamp,NULL),
(130, 'SANTIAGO EL PINAR ', 5,1,current_timestamp,NULL),
(131, 'SILTEPEC ', 5,1,current_timestamp,NULL),
(132, 'SIMOJOVEL ', 5,1,current_timestamp,NULL),
(133, 'SITALÁ ', 5,1,current_timestamp,NULL),
(134, 'SOCOLTENANGO ', 5,1,current_timestamp,NULL),
(135, 'SOLOSUCHIAPA ', 5,1,current_timestamp,NULL),
(136, 'SOYALÓ ', 5,1,current_timestamp,NULL),
(137, 'SUCHIAPA ', 5,1,current_timestamp,NULL),
(138, 'SUCHIATE ', 5,1,current_timestamp,NULL),
(139, 'SUNUAPA ', 5,1,current_timestamp,NULL),
(140, 'TAPACHULA ', 5,1,current_timestamp,NULL),
(141, 'TAPALAPA ', 5,1,current_timestamp,NULL),
(142, 'TAPILULA ', 5,1,current_timestamp,NULL),
(143, 'TECPATÁN ', 5,1,current_timestamp,NULL),
(144, 'TENEJAPA ', 5,1,current_timestamp,NULL),
(145, 'TEOPISCA ', 5,1,current_timestamp,NULL),
(146, 'TILA ', 5,1,current_timestamp,NULL),
(147, 'TONALÁ ', 5,1,current_timestamp,NULL),
(148, 'TOTOLAPA ', 5,1,current_timestamp,NULL),
(149, 'LA TRINITARIA ', 5,1,current_timestamp,NULL),
(150, 'TUMBALÁ ', 5,1,current_timestamp,NULL),
(151, 'TUXTLA GUTIÉRREZ ', 5,1,current_timestamp,NULL),
(152, 'TUXTLA CHICO ', 5,1,current_timestamp,NULL),
(153, 'TUZANTÁN ', 5,1,current_timestamp,NULL),
(154, 'TZIMOL ', 5,1,current_timestamp,NULL),
(155, 'UNIÓN JUÁREZ ', 5,1,current_timestamp,NULL),
(156, 'VENUSTIANO CARRANZA ', 5,1,current_timestamp,NULL),
(157, 'VILLA COMALTITLÁN ', 5,1,current_timestamp,NULL),
(158, 'VILLA CORZO ', 5,1,current_timestamp,NULL),
(159, 'VILLAFLORES ', 5,1,current_timestamp,NULL),
(160, 'YAJALÓN ', 5,1,current_timestamp,NULL),
(161, 'ZINACANTÁN ', 5,1,current_timestamp,NULL),
(162, 'AHUMADA', 6,1,current_timestamp,NULL),
(163, 'ALDAMA', 6,1,current_timestamp,NULL),
(164, 'ALLENDE', 6,1,current_timestamp,NULL),
(165, 'AQUILES SERDÁNSERDÁN', 6,1,current_timestamp,NULL),
(166, 'ASCENSIÓN', 6,1,current_timestamp,NULL),
(167, 'BACHÍNIVA', 6,1,current_timestamp,NULL),
(168, 'BALLEZA', 6,1,current_timestamp,NULL),
(169, 'BATOPILAS', 6,1,current_timestamp,NULL),
(170, 'BOCOYNA', 6,1,current_timestamp,NULL),
(171, 'BUENAVENTURA', 6,1,current_timestamp,NULL),
(172, 'CAMARGO', 6,1,current_timestamp,NULL),
(173, 'CARICHI', 6,1,current_timestamp,NULL),
(174, 'CASAS GRANDES', 6,1,current_timestamp,NULL),
(175, 'CORONADO', 6,1,current_timestamp,NULL),
(176, 'COYAME DEL SOTOL', 6,1,current_timestamp,NULL),
(177, 'LA CRUZ', 6,1,current_timestamp,NULL),
(178, 'CUAUHTÉMOC', 6,1,current_timestamp,NULL),
(179, 'CUSIHUIRIÁCHI', 6,1,current_timestamp,NULL),
(180, 'CHIHUAHUA', 6,1,current_timestamp,NULL),
(181, 'CHÍNIPAS', 6,1,current_timestamp,NULL),
(182, 'DELICIAS', 6,1,current_timestamp,NULL),
(183, 'DR. BELISARIO DOMÍNGUEZ', 6,1,current_timestamp,NULL),
(184, 'GALEANA', 6,1,current_timestamp,NULL),
(185, 'SANTA ISABEL', 6,1,current_timestamp,NULL),
(186, 'GÓMEZ FARÍAS', 6,1,current_timestamp,NULL),
(187, 'GRAN MORELOS', 6,1,current_timestamp,NULL),
(188, 'GUACHOCHI', 6,1,current_timestamp,NULL),
(189, 'GUADALUPE D.B.', 6,1,current_timestamp,NULL),
(190, 'GUADALUPE Y CALVO', 6,1,current_timestamp,NULL),
(191, 'GUAZAPARES', 6,1,current_timestamp,NULL),
(192, 'GUERRERO', 6,1,current_timestamp,NULL),
(193, 'HIDALGO DEL PARRAL', 6,1,current_timestamp,NULL),
(194, 'HUEJOTITÁN', 6,1,current_timestamp,NULL),
(195, 'IGNACIO ZARAGOZA', 6,1,current_timestamp,NULL),
(196, 'JANOS', 6,1,current_timestamp,NULL),
(197, 'JIMÉNEZ', 6,1,current_timestamp,NULL),
(198, 'JUÁREZ', 6,1,current_timestamp,NULL),
(199, 'JULIMES', 6,1,current_timestamp,NULL),
(200, 'LÓPEZ', 6,1,current_timestamp,NULL),
(201, 'MADERA', 6,1,current_timestamp,NULL),
(202, 'MAGUARICHI', 6,1,current_timestamp,NULL),
(203, 'MANUEL BENAVIDES', 6,1,current_timestamp,NULL),
(204, 'MATACHI', 6,1,current_timestamp,NULL),
(205, 'MATAMOROS', 6,1,current_timestamp,NULL),
(206, 'MEOQUI', 6,1,current_timestamp,NULL),
(207, 'MORELOS', 6,1,current_timestamp,NULL),
(208, 'MORIS', 6,1,current_timestamp,NULL),
(209, 'NAMIQUIPA', 6,1,current_timestamp,NULL),
(210, 'NONOAVA', 6,1,current_timestamp,NULL),
(211, 'NUEVO CASAS GRANDES', 6,1,current_timestamp,NULL),
(212, 'OCAMPO', 6,1,current_timestamp,NULL),
(213, 'OJINAGA', 6,1,current_timestamp,NULL),
(214, 'PRAXEDIS G. GUERRERO', 6,1,current_timestamp,NULL),
(215, 'RIVA PALACIO', 6,1,current_timestamp,NULL),
(216, 'ROSALES', 6,1,current_timestamp,NULL),
(217, 'ROSARIO', 6,1,current_timestamp,NULL),
(218, 'SAN FRANCISCO DE BORJA', 6,1,current_timestamp,NULL),
(219, 'SAN FRANCISCO DE CONCHOS', 6,1,current_timestamp,NULL),
(220, 'SAN FRANCISCO DEL ORO', 6,1,current_timestamp,NULL),
(221, 'SANTA BÁRBARA', 6,1,current_timestamp,NULL),
(222, 'SATEVÓ', 6,1,current_timestamp,NULL),
(223, 'SAUCILLO', 6,1,current_timestamp,NULL),
(224, 'TEMÓSACHI', 6,1,current_timestamp,NULL),
(225, 'EL TULE', 6,1,current_timestamp,NULL),
(226, 'URIQUE', 6,1,current_timestamp,NULL),
(227, 'URUÁCHI', 6,1,current_timestamp,NULL),
(228, 'VALLE DE ZARAGOZA', 6,1,current_timestamp,NULL),
(229, 'ABASOLO', 7,1,current_timestamp,NULL),
(230, 'ACUÑA', 7,1,current_timestamp,NULL),
(231, 'ALLENDE', 7,1,current_timestamp,NULL),
(232, 'ARTEAGA', 7,1,current_timestamp,NULL),
(233, 'CANDELA', 7,1,current_timestamp,NULL),
(234, 'CASTAÑOS', 7,1,current_timestamp,NULL),
(235, 'CUATROCIENEGAS', 7,1,current_timestamp,NULL),
(236, 'ESCOBEDO', 7,1,current_timestamp,NULL),
(237, 'FRANCISCO I. MADERO', 7,1,current_timestamp,NULL),
(238, 'FRONTERA', 7,1,current_timestamp,NULL),
(239, 'GENERAL CEPEDA', 7,1,current_timestamp,NULL),
(240, 'GUERRERO', 7,1,current_timestamp,NULL),
(241, 'HIDALGO', 7,1,current_timestamp,NULL),
(242, 'JIMENEZ', 7,1,current_timestamp,NULL),
(243, 'JUAREZ', 7,1,current_timestamp,NULL),
(244, 'LAMADRID', 7,1,current_timestamp,NULL),
(245, 'MATAMOROS', 7,1,current_timestamp,NULL),
(246, 'MONCLOVA', 7,1,current_timestamp,NULL),
(247, 'MORELOS', 7,1,current_timestamp,NULL),
(248, 'SAN BUENAVENTURA', 7,1,current_timestamp,NULL),
(249, 'SAN JUAN DE SABINAS', 7,1,current_timestamp,NULL),
(250, 'SAN PEDRO', 7,1,current_timestamp,NULL),
(251, 'SIERRA MOJADA', 7,1,current_timestamp,NULL),
(252, 'TORREON', 7,1,current_timestamp,NULL),
(253, 'VIESCA', 7,1,current_timestamp,NULL),
(254, ' VILLA UNION', 7,1,current_timestamp,NULL),
(255, 'ARMERÍA', 8,1,current_timestamp,NULL),
(256, 'COLIMA', 8,1,current_timestamp,NULL),
(257, 'COMALA', 8,1,current_timestamp,NULL),
(258, 'COQUIMATLÁN', 8,1,current_timestamp,NULL),
(259, 'CUAUHTÉMOC', 8,1,current_timestamp,NULL),
(260, 'IXTLAHUACÁN', 8,1,current_timestamp,NULL),
(261, 'MANZANILLO', 8,1,current_timestamp,NULL),
(262, 'MINATITLÁN', 8,1,current_timestamp,NULL),
(263, 'TECOMÁN', 8,1,current_timestamp,NULL),
(264, 'VILLA DE ÁLVAREZ', 8,1,current_timestamp,NULL),
(265, '', 8,1,current_timestamp,NULL),
(266, '', 8,1,current_timestamp,NULL),
(267, '', 8,1,current_timestamp,NULL),
(268, '', 8,1,current_timestamp,NULL),
(269, '', 8,1,current_timestamp,NULL),
(270, 'CANATLÁN', 10,1,current_timestamp,NULL),
(271, 'CANELAS', 10,1,current_timestamp,NULL),
(272, 'CONETO DE COMONFORT', 10,1,current_timestamp,NULL),
(273, 'CUENCAMÉ', 10,1,current_timestamp,NULL),
(274, 'DURANGO', 10,1,current_timestamp,NULL),
(275, 'GENERAL SIMÓN BOLÍVAR', 10,1,current_timestamp,NULL),
(276, 'GÓMEZ PALACIO', 10,1,current_timestamp,NULL),
(277, 'GUADALUPE VICTORIA', 10,1,current_timestamp,NULL),
(278, 'GUANACEVÍ', 10,1,current_timestamp,NULL),
(279, 'HIDALGO', 10,1,current_timestamp,NULL),
(280, 'INDÉ', 10,1,current_timestamp,NULL),
(281, 'CIUDAD LERDO', 10,1,current_timestamp,NULL),
(282, 'MAPIMÍ', 10,1,current_timestamp,NULL),
(283, 'MEZQUITAL', 10,1,current_timestamp,NULL),
(284, 'NAZAS', 10,1,current_timestamp,NULL),
(285, 'NOMBRE DE DIOS', 10,1,current_timestamp,NULL),
(286, 'OCAMPO', 10,1,current_timestamp,NULL),
(287, 'ORO, EL', 10,1,current_timestamp,NULL),
(288, 'OTÁEZ', 10,1,current_timestamp,NULL),
(289, 'PÁNUCO DE CORONADO', 10,1,current_timestamp,NULL),
(290, 'PEÑÓN BLANCO', 10,1,current_timestamp,NULL),
(291, 'POANAS', 10,1,current_timestamp,NULL),
(292, 'PUEBLO NUEVO', 10,1,current_timestamp,NULL),
(293, 'RODEO', 10,1,current_timestamp,NULL),
(294, 'SAN BERNARDO', 10,1,current_timestamp,NULL),
(295, 'SAN DIMAS', 10,1,current_timestamp,NULL),
(296, 'SAN JUAN DE GUADALUPE', 10,1,current_timestamp,NULL),
(297, 'SAN JUAN DEL RÍO', 10,1,current_timestamp,NULL),
(298, 'SAN LUIS DEL CORDERO', 10,1,current_timestamp,NULL),
(299, 'SAN PEDRO DEL GALLO', 10,1,current_timestamp,NULL),
(300, 'SANTIAGO PAPASQUIARO', 10,1,current_timestamp,NULL),
(301, 'SÚCHIL', 10,1,current_timestamp,NULL),
(302, 'TAMAZULA', 10,1,current_timestamp,NULL),
(303, 'TEPEHUANES', 10,1,current_timestamp,NULL),
(304, 'TLAHUALILO', 10,1,current_timestamp,NULL),
(305, 'TOPIA', 10,1,current_timestamp,NULL),
(306, 'VICENTE GUERRERO', 10,1,current_timestamp,NULL),
(307, 'NUEVO IDEAL', 10,1,current_timestamp,NULL),
(308, 'SANTA CLARA', 10,1,current_timestamp,NULL),
(309, 'SANTIAGO PAPASQUIARO', 10,1,current_timestamp,NULL),
(310, 'SÚCHIL', 10,1,current_timestamp,NULL),
(311, 'TAMAZULA', 10,1,current_timestamp,NULL),
(312, 'TEPEHUANES', 10,1,current_timestamp,NULL),
(313, 'TLAHUALILO', 10,1,current_timestamp,NULL),
(314, 'TOPIA', 10,1,current_timestamp,NULL),
(315, 'VICENTE GUERRERO', 10,1,current_timestamp,NULL),
(316, 'NUEVO IDEAL', 10,1,current_timestamp,NULL),
(322, 'ACULCO', 11,1,current_timestamp,NULL),
(321, 'ACOLMAN', 11,1,current_timestamp,NULL),
(320, 'ACAMBAY', 11,1,current_timestamp,NULL),
(323, 'ALMOLOYA DE ALQUISIRAS', 11,1,current_timestamp,NULL),
(324, 'ALMOLOYA DE  JUÁREZ', 11,1,current_timestamp,NULL),
(325, 'ALMOLOYA DEL RÍO', 11,1,current_timestamp,NULL),
(326, 'AMANALCO', 11,1,current_timestamp,NULL),
(327, 'AMATEPEC', 11,1,current_timestamp,NULL),
(328, 'AMECAMECA', 11,1,current_timestamp,NULL),
(329, 'APAXCO', 11,1,current_timestamp,NULL),
(330, 'ATENCO', 11,1,current_timestamp,NULL),
(331, 'ATIZAPÁN', 11,1,current_timestamp,NULL),
(332, 'ATIZAPÁN DE ZARAGOZA', 11,1,current_timestamp,NULL),
(333, 'ATLACOMULCO', 11,1,current_timestamp,NULL),
(334, 'ATLAUTLA', 11,1,current_timestamp,NULL),
(335, 'AXAPUSCO', 11,1,current_timestamp,NULL),
(336, 'AYAPANGO', 11,1,current_timestamp,NULL),
(337, 'CALIMAYA', 11,1,current_timestamp,NULL),
(338, 'CAPULHUAC', 11,1,current_timestamp,NULL),
(339, 'COACALCO DE BERRIOZÁBAL', 11,1,current_timestamp,NULL),
(340, 'COATEPEC HARINAS', 11,1,current_timestamp,NULL),
(341, 'COCOTITLÁN', 11,1,current_timestamp,NULL),
(342, 'COYOTEPEC', 11,1,current_timestamp,NULL),
(343, 'CUAUTITLÁN', 11,1,current_timestamp,NULL),
(344, 'CHALCO', 11,1,current_timestamp,NULL),
(345, 'CHAPA DE MOTA', 11,1,current_timestamp,NULL),
(346, 'CHAPULTEPEC', 11,1,current_timestamp,NULL),
(347, 'CHIAUTLA', 11,1,current_timestamp,NULL),
(348, 'CHICOLOAPAN', 11,1,current_timestamp,NULL),
(349, 'CHICONCUAC', 11,1,current_timestamp,NULL),
(350, 'CHIMALHUACÁN', 11,1,current_timestamp,NULL),
(351, 'DONATO GUERRA', 11,1,current_timestamp,NULL),
(352, 'ECATEPEC', 11,1,current_timestamp,NULL),
(353, 'ECATZINGO', 11,1,current_timestamp,NULL),
(354, 'HUEYPOXTLA', 11,1,current_timestamp,NULL),
(355, 'HUIXQUILUCAN', 11,1,current_timestamp,NULL),
(356, 'ISIDRO FABELA', 11,1,current_timestamp,NULL),
(357, 'IXTAPALUCA', 11,1,current_timestamp,NULL),
(358, 'IXTAPAN DE LA SAL', 11,1,current_timestamp,NULL),
(359, 'IXTAPAN DEL ORO', 11,1,current_timestamp,NULL),
(360, 'IXTLAHUACA', 11,1,current_timestamp,NULL),
(361, 'XALATLACO', 11,1,current_timestamp,NULL),
(362, 'JALTENCO', 11,1,current_timestamp,NULL),
(363, 'JILOTEPEC', 11,1,current_timestamp,NULL),
(364, 'JILOTZINGO', 11,1,current_timestamp,NULL),
(365, 'JIQUIPILCO', 11,1,current_timestamp,NULL),
(366, 'JOCOTITLÁN', 11,1,current_timestamp,NULL),
(367, 'JOQUICINGO', 11,1,current_timestamp,NULL),
(368, 'JUCHITEPEC', 11,1,current_timestamp,NULL),
(369, 'LERMA', 11,1,current_timestamp,NULL),
(370, 'MALINALCO', 11,1,current_timestamp,NULL),
(371, 'MELCHOR OCAMPO', 11,1,current_timestamp,NULL),
(372, 'METEPEC', 11,1,current_timestamp,NULL),
(373, 'MEXICALTZINGO', 11,1,current_timestamp,NULL),
(374, 'MORELOS', 11,1,current_timestamp,NULL),
(375, 'NAUCALPAN DE JUÁREZ', 11,1,current_timestamp,NULL),
(376, 'NEZAHUALCÓYOTL', 11,1,current_timestamp,NULL),
(377, 'NEXTLALPAN', 11,1,current_timestamp,NULL),
(378, 'NICOLÁS ROMERO', 11,1,current_timestamp,NULL),
(379, 'NOPALTEPEC', 11,1,current_timestamp,NULL),
(380, 'OCOYOACAC', 11,1,current_timestamp,NULL),
(381, 'OCUILAN', 11,1,current_timestamp,NULL),
(382, 'EL ORO', 11,1,current_timestamp,NULL),
(383, 'OTUMBA', 11,1,current_timestamp,NULL),
(384, 'OTZOLOAPAN', 11,1,current_timestamp,NULL),
(385, 'OTZOLOTEPEC', 11,1,current_timestamp,NULL),
(386, 'OZUMBA', 11,1,current_timestamp,NULL),
(387, 'PAPALOTLA', 11,1,current_timestamp,NULL),
(388, 'LA PAZ', 11,1,current_timestamp,NULL),
(389, 'POLOTITLÁN', 11,1,current_timestamp,NULL),
(390, 'RAYÓN', 11,1,current_timestamp,NULL),
(391, 'SAN ANTONIO LA ISLA', 11,1,current_timestamp,NULL),
(392, 'SAN FELIPE DEL PROGRESO', 11,1,current_timestamp,NULL),
(393, 'SAN MARTÍN DE LAS PIRÁMIDES', 11,1,current_timestamp,NULL),
(394, 'SAN MATEO ATENCO', 11,1,current_timestamp,NULL),
(395, 'SAN SIMÓN DE GUERRERO', 11,1,current_timestamp,NULL),
(396, 'SANTO TOMÁS', 11,1,current_timestamp,NULL),
(397, 'SOYANIQUILPAN DE JUÁREZ', 11,1,current_timestamp,NULL),
(398, 'SULTEPEC', 11,1,current_timestamp,NULL),
(399, 'TECÁMAC', 11,1,current_timestamp,NULL),
(400, 'TEJUPILCO', 11,1,current_timestamp,NULL),
(401, 'TEMAMATLA', 11,1,current_timestamp,NULL),
(402, 'TEMASCALAPA', 11,1,current_timestamp,NULL),
(403, 'TEMASCALCINGO', 11,1,current_timestamp,NULL),
(404, 'TEMASCALTEPEC', 11,1,current_timestamp,NULL),
(405, 'TEMOAYA', 11,1,current_timestamp,NULL),
(406, 'TENANCINGO', 11,1,current_timestamp,NULL),
(407, 'TENANGO DEL AIRE', 11,1,current_timestamp,NULL),
(408, 'TENANGO DEL VALLE', 11,1,current_timestamp,NULL),
(409, 'TEOLOYUCAN', 11,1,current_timestamp,NULL),
(410, 'TEOTIHUACÁN', 11,1,current_timestamp,NULL),
(411, 'TEPETLAOXTOC', 11,1,current_timestamp,NULL),
(412, 'TEPETLIXPA', 11,1,current_timestamp,NULL),
(413, 'TEPOTZOTLÁN', 11,1,current_timestamp,NULL),
(414, 'TEQUIXQUIAC', 11,1,current_timestamp,NULL),
(415, 'TEXCALTITLÁN', 11,1,current_timestamp,NULL),
(416, 'TEXCALYACAC', 11,1,current_timestamp,NULL),
(417, 'TEXCOCO', 11,1,current_timestamp,NULL),
(418, 'TEZOYUCA', 11,1,current_timestamp,NULL),
(419, 'TIANGUISTENCO', 11,1,current_timestamp,NULL),
(420, 'TIMILPAN', 11,1,current_timestamp,NULL),
(421, 'TLALMANALCO', 11,1,current_timestamp,NULL),
(422, 'TLALNEPANTLA DE BAZ', 11,1,current_timestamp,NULL),
(423, 'TLATLAYA', 11,1,current_timestamp,NULL),
(424, 'TOLUCA', 11,1,current_timestamp,NULL),
(425, 'TONATICO', 11,1,current_timestamp,NULL),
(426, 'TULTEPEC', 11,1,current_timestamp,NULL),
(427, 'TULTITLÁN', 11,1,current_timestamp,NULL),
(428, 'VALLE DE BRAVO', 11,1,current_timestamp,NULL),
(429, 'VILLA DE ALLENDE', 11,1,current_timestamp,NULL),
(430, 'VILLA DEL CARBÓN', 11,1,current_timestamp,NULL),
(431, 'VILLA GUERRERO', 11,1,current_timestamp,NULL),
(432, 'VILLA VICTORIA', 11,1,current_timestamp,NULL),
(433, 'XONACATLÁN', 11,1,current_timestamp,NULL),
(434, 'ZACAZONAPAN', 11,1,current_timestamp,NULL),
(435, 'ZACUALPAN', 11,1,current_timestamp,NULL),
(436, 'ZINACANTEPEC', 11,1,current_timestamp,NULL),
(437, 'ZUMPAHUACÁN', 11,1,current_timestamp,NULL),
(438, 'ZUMPANGO', 11,1,current_timestamp,NULL),
(439, 'CUAUTITLÁN IZCALLI', 11,1,current_timestamp,NULL),
(440, 'VALLE DE CHALCO SOLIDARIDAD', 11,1,current_timestamp,NULL),
(441, 'LUVIANOS', 11,1,current_timestamp,NULL),
(442, 'SAN JOSÉ DEL RINCÓN', 11,1,current_timestamp,NULL),
(443, 'SANTA MARÍA TONANITLA', 11,1,current_timestamp,NULL),
(444, 'ABASOLO', 12,1,current_timestamp,NULL),
(445, 'ACAMBARO', 12,1,current_timestamp,NULL),
(446, 'ALLENDE', 12,1,current_timestamp,NULL),
(447, 'APASEO EL ALTO', 12,1,current_timestamp,NULL),
(448, 'ATARJEA', 12,1,current_timestamp,NULL),
(449, 'CELAYA', 12,1,current_timestamp,NULL),
(450, 'MANUEL DOBLADO', 12,1,current_timestamp,NULL),
(451, 'COMONFORT', 12,1,current_timestamp,NULL),
(452, 'CORONEO', 12,1,current_timestamp,NULL),
(453, 'CORTAZAR', 12,1,current_timestamp,NULL),
(454, 'CUERAMARO', 12,1,current_timestamp,NULL),
(455, 'DOCTOR MORA', 12,1,current_timestamp,NULL),
(456, 'DOLORES HIDALGO', 12,1,current_timestamp,NULL),
(457, 'GUANAJUATO', 12,1,current_timestamp,NULL),
(458, 'HUANIMARO', 12,1,current_timestamp,NULL),
(459, 'IRAPUATO', 12,1,current_timestamp,NULL),
(460, 'JARAL DEL PROGRESO', 12,1,current_timestamp,NULL),
(461, 'JERECUARO', 12,1,current_timestamp,NULL),
(462, 'LEON', 12,1,current_timestamp,NULL),
(463, 'MOROLEON', 12,1,current_timestamp,NULL),
(464, 'OCAMPO', 12,1,current_timestamp,NULL),
(465, 'PENJAMO', 12,1,current_timestamp,NULL),
(466, 'PUEBLO NUEVO', 12,1,current_timestamp,NULL),
(467, 'PURISIMA DEL RINCON', 12,1,current_timestamp,NULL),
(468, 'ROMITA', 12,1,current_timestamp,NULL),
(469, 'SALAMANCA', 12,1,current_timestamp,NULL),
(470, 'SALVATIERRA', 12,1,current_timestamp,NULL),
(471, 'SAN DIEGO DE LA UNION', 12,1,current_timestamp,NULL),
(472, 'SAN FELIPE', 12,1,current_timestamp,NULL),
(473, 'SAN FRANCISCO DEL RINCON', 12,1,current_timestamp,NULL),
(474, 'SAN JOSE ITURBIDE', 12,1,current_timestamp,NULL),
(475, 'SAN LUIS DE LA PAZ', 12,1,current_timestamp,NULL),
(476, 'SANTA CATARINA', 12,1,current_timestamp,NULL),
(477, 'SANTA CRUZ DE JUVENTINO ROSAS', 12,1,current_timestamp,NULL),
(478, 'SANTIAGO MARAVATIO', 12,1,current_timestamp,NULL),
(479, 'SILAO', 12,1,current_timestamp,NULL),
(480, 'TARANDACUAO', 12,1,current_timestamp,NULL),
(481, 'TARIMORO', 12,1,current_timestamp,NULL),
(482, 'TIERRA BLANCA', 12,1,current_timestamp,NULL),
(483, 'URIANGATO', 12,1,current_timestamp,NULL),
(484, 'VALLE DE SANTIAGO', 12,1,current_timestamp,NULL),
(485, 'VICTORIA', 12,1,current_timestamp,NULL),
(486, 'VILLAGRAN', 12,1,current_timestamp,NULL),
(487, 'XICHU', 12,1,current_timestamp,NULL),
(488, 'YURIRIA', 12,1,current_timestamp,NULL),
(489, 'Acapulco de Juárez  ', 13,1,current_timestamp,NULL),
(490, 'Acatepec ', 13,1,current_timestamp,NULL),
(491, 'Ahuacuotzingo ', 13,1,current_timestamp,NULL),
(492, 'Ajuchitlan del Progreso ', 13,1,current_timestamp,NULL),
(493, 'Alcozauca de Guerrero ', 13,1,current_timestamp,NULL),
(494, 'Alpoyeca ', 13,1,current_timestamp,NULL),
(495, 'Apaxtla ', 13,1,current_timestamp,NULL),
(496, 'Arcelia ', 13,1,current_timestamp,NULL),
(497, 'Atenango del Río ', 13,1,current_timestamp,NULL),
(498, 'Atlamajalcingo del Monte ', 13,1,current_timestamp,NULL),
(499, 'Atlixtac ', 13,1,current_timestamp,NULL),
(500, 'Atoyac de Álvarez ', 13,1,current_timestamp,NULL),
(501, 'Ayutla ', 13,1,current_timestamp,NULL),
(502, 'Azoyú ', 13,1,current_timestamp,NULL),
(503, 'Benito Juárez ', 13,1,current_timestamp,NULL),
(504, 'Buenavista de Cuéllar ', 13,1,current_timestamp,NULL),
(505, 'Chilapa de Álvarez ', 13,1,current_timestamp,NULL),
(506, 'Chilpancingo de los Bravo ', 13,1,current_timestamp,NULL),
(507, 'Coahuayutla de José María Izazaga ', 13,1,current_timestamp,NULL),
(508, 'Cochoapa el Grande', 13,1,current_timestamp,NULL),
(509, 'Cocula ', 13,1,current_timestamp,NULL),
(510, 'Copala ', 13,1,current_timestamp,NULL),
(511, 'Copalillo ', 13,1,current_timestamp,NULL),
(512, 'Copanatoyac  ', 13,1,current_timestamp,NULL),
(513, 'Coyuca de Benítez ', 13,1,current_timestamp,NULL),
(514, 'Coyuca de Catalán ', 13,1,current_timestamp,NULL),
(515, 'Cuajinicuilapa ', 13,1,current_timestamp,NULL),
(516, 'Cualác ', 13,1,current_timestamp,NULL),
(517, 'Cuautepec ', 13,1,current_timestamp,NULL),
(518, 'Cuetzala del Progreso ', 13,1,current_timestamp,NULL),
(519, 'Cutzamala de Pinzón ', 13,1,current_timestamp,NULL),
(520, 'Eduardo Neri ', 13,1,current_timestamp,NULL),
(521, 'Florencio Villarreal ', 13,1,current_timestamp,NULL),
(522, 'General Canuto A. Neri ', 13,1,current_timestamp,NULL),
(523, 'General Heliodoro Castillo ', 13,1,current_timestamp,NULL),
(524, 'Huamuxtitlán ', 13,1,current_timestamp,NULL),
(525, 'Huitzuco de los Figueroa ', 13,1,current_timestamp,NULL),
(526, 'Iguala ', 13,1,current_timestamp,NULL),
(527, 'Igualapa ', 13,1,current_timestamp,NULL),
(528, 'Iliatenco', 13,1,current_timestamp,NULL),
(529, 'Ixcateopan de Cuauhtémoc ', 13,1,current_timestamp,NULL),
(530, 'José Joaquín de Herrera', 13,1,current_timestamp,NULL),
(531, 'Juan R. Escudero  ', 13,1,current_timestamp,NULL),
(532, 'Juchitán', 13,1,current_timestamp,NULL),
(533, 'La Unión ', 13,1,current_timestamp,NULL),
(534, 'Leonardo Bravo ', 13,1,current_timestamp,NULL),
(535, 'Malinaltepec ', 13,1,current_timestamp,NULL),
(536, 'Marquelia', 13,1,current_timestamp,NULL),
(537, 'Mártir de Cuilapan ', 13,1,current_timestamp,NULL),
(538, 'Metlatónoc ', 13,1,current_timestamp,NULL),
(539, 'Mochitlán ', 13,1,current_timestamp,NULL),
(540, 'Olinalá ', 13,1,current_timestamp,NULL),
(541, 'Ometepec ', 13,1,current_timestamp,NULL),
(542, 'Pedro Ascencio Alquisiras ', 13,1,current_timestamp,NULL),
(543, 'Petatlán ', 13,1,current_timestamp,NULL),
(544, 'Pilcaya ', 13,1,current_timestamp,NULL),
(545, 'Pungarabato ', 13,1,current_timestamp,NULL),
(546, 'Quechultenango ', 13,1,current_timestamp,NULL),
(547, 'San Luis Acatlán ', 13,1,current_timestamp,NULL),
(548, 'San Marcos ', 13,1,current_timestamp,NULL),
(549, 'San Miguel Totolapan ', 13,1,current_timestamp,NULL),
(550, 'Taxco de Alarcón ', 13,1,current_timestamp,NULL),
(551, 'Tecoanapa ', 13,1,current_timestamp,NULL),
(552, 'Tecpan de Galeana ', 13,1,current_timestamp,NULL),
(553, 'Teloloapan  ', 13,1,current_timestamp,NULL),
(554, 'Teniente José Azueta ', 13,1,current_timestamp,NULL),
(555, 'Tepecoacuilco de Trujano ', 13,1,current_timestamp,NULL),
(556, 'Tetipac ', 13,1,current_timestamp,NULL),
(557, 'Tixtla de Guerrero ', 13,1,current_timestamp,NULL),
(558, 'Tlacoachistlahuaca ', 13,1,current_timestamp,NULL),
(559, 'Tlacoapa ', 13,1,current_timestamp,NULL),
(560, 'Tlalchapa ', 13,1,current_timestamp,NULL),
(561, 'Tlalixtaquilla ', 13,1,current_timestamp,NULL),
(562, 'Tlapa de Comonfort ', 13,1,current_timestamp,NULL),
(563, 'Tlapehuala ', 13,1,current_timestamp,NULL),
(564, 'Xalpatláhuac ', 13,1,current_timestamp,NULL),
(565, 'Xochihuehuetlán ', 13,1,current_timestamp,NULL),
(566, 'Xochistlahuaca ', 13,1,current_timestamp,NULL),
(567, 'Zapotitlán Tablas ', 13,1,current_timestamp,NULL),
(568, 'Zirándaro de los Chávez ', 13,1,current_timestamp,NULL),
(569, 'Zitlala ', 13,1,current_timestamp,NULL),
(570, 'ACATLAN', 14,1,current_timestamp,NULL),
(571, 'HUICHAPAN', 14,1,current_timestamp,NULL),
(572, 'SINGUILUCAN', 14,1,current_timestamp,NULL),
(573, 'ACAXOCHITLAN', 14,1,current_timestamp,NULL),
(574, 'IXMIQUILPAN', 14,1,current_timestamp,NULL),
(575, 'TASQUILLO', 14,1,current_timestamp,NULL),
(576, 'ACTOPAN', 14,1,current_timestamp,NULL),
(577, 'JACALA DE LEDEZMA', 14,1,current_timestamp,NULL),
(578, 'TECOZAUTLA', 14,1,current_timestamp,NULL),
(579, 'AGUA BLANCA DE ITURBIDE', 14,1,current_timestamp,NULL),
(580, 'JALTOCAN', 14,1,current_timestamp,NULL),
(581, 'TENANGO DE DORIA', 14,1,current_timestamp,NULL),
(582, 'AJACUBA', 14,1,current_timestamp,NULL),
(583, 'JUAREZ HIDALGO', 14,1,current_timestamp,NULL),
(584, 'TEPEAPULCO', 14,1,current_timestamp,NULL),
(585, 'ALFAJAYUCAN', 14,1,current_timestamp,NULL),
(586, 'LOLOTLA', 14,1,current_timestamp,NULL),
(587, 'TEPEHUACAN DE GUERRERO', 14,1,current_timestamp,NULL),
(588, 'ALMOLOYA', 14,1,current_timestamp,NULL),
(589, 'METEPEC', 14,1,current_timestamp,NULL),
(590, 'TEPEJI DEL RIO DE OCAMPO', 14,1,current_timestamp,NULL),
(591, 'APAN', 14,1,current_timestamp,NULL),
(592, 'SAN AGUSTIN METZQUITITLAN', 14,1,current_timestamp,NULL),
(593, 'TEPETITLAN', 14,1,current_timestamp,NULL),
(594, 'EL ARENAL', 14,1,current_timestamp,NULL),
(595, 'METZTITLAN', 14,1,current_timestamp,NULL),
(596, 'TETEPANGO', 14,1,current_timestamp,NULL),
(597, 'ATITALAQUIA', 14,1,current_timestamp,NULL),
(598, 'MINERAL DEL CHICO', 14,1,current_timestamp,NULL),
(599, 'VILLA DE TEZONTEPEC', 14,1,current_timestamp,NULL),
(600, 'ATLAPEXCO', 14,1,current_timestamp,NULL),
(601, 'MINERAL DEL MONTE', 14,1,current_timestamp,NULL),
(602, 'TEZONTEPEC DE ALDAMA', 14,1,current_timestamp,NULL),
(603, 'ATOTONILCO EL GRANDE', 14,1,current_timestamp,NULL),
(604, 'LA MISION', 14,1,current_timestamp,NULL),
(605, 'TIANGUISTENGO', 14,1,current_timestamp,NULL),
(606, 'ATOTONILCO DE TULA', 14,1,current_timestamp,NULL),
(607, 'MIXQUIAHUALA DE JUAREZ', 14,1,current_timestamp,NULL),
(608, 'TIZAYUCA', 14,1,current_timestamp,NULL),
(609, 'CALNALI', 14,1,current_timestamp,NULL),
(610, 'MOLANGO DE ESCAMILLA', 14,1,current_timestamp,NULL),
(611, 'TLAHUELILPAN', 14,1,current_timestamp,NULL),
(612, 'CARDONAL', 14,1,current_timestamp,NULL),
(613, 'NICOLAS FLORES', 14,1,current_timestamp,NULL),
(614, 'TLAHUILTEPA', 14,1,current_timestamp,NULL),
(615, 'CUAUTEPEC DE HINOJOSA', 14,1,current_timestamp,NULL),
(616, 'NOPALA DE VILLAGRAN', 14,1,current_timestamp,NULL),
(617, 'TLANALAPA', 14,1,current_timestamp,NULL),
(618, 'CHAPANTONGO', 14,1,current_timestamp,NULL),
(619, 'OMITLAN DE JUAREZ', 14,1,current_timestamp,NULL),
(620, 'TLANCHINOL', 14,1,current_timestamp,NULL),
(621, 'CHAPULHUACAN', 14,1,current_timestamp,NULL),
(622, 'SAN FELIPE ORIZATLAN', 14,1,current_timestamp,NULL),
(623, 'TLAXCOAPAN', 14,1,current_timestamp,NULL),
(624, 'CHILCUAUTLA', 14,1,current_timestamp,NULL),
(625, 'PACULA', 14,1,current_timestamp,NULL),
(626, 'TOLCAYUCA', 14,1,current_timestamp,NULL),
(627, 'ELOXOCHITLAN', 14,1,current_timestamp,NULL),
(628, 'PACHUCA DE SOTO', 14,1,current_timestamp,NULL),
(629, 'TULA DE ALLENDE', 14,1,current_timestamp,NULL),
(630, 'EMILIANO ZAPATA', 14,1,current_timestamp,NULL),
(631, 'PISAFLORES', 14,1,current_timestamp,NULL),
(632, 'TULANCINGO DE BRAVO', 14,1,current_timestamp,NULL),
(633, 'EPAZOYUCAN', 14,1,current_timestamp,NULL),
(634, 'PROGRESO DE OBREGON', 14,1,current_timestamp,NULL),
(635, 'XOCHIATIPAN', 14,1,current_timestamp,NULL),
(636, 'FRANCISCO I. MADERO', 14,1,current_timestamp,NULL),
(637, 'MINERAL DE LA REFORMA', 14,1,current_timestamp,NULL),
(638, 'XOCHICOATLAN', 14,1,current_timestamp,NULL),
(639, 'HUASCA DE OCAMPO', 14,1,current_timestamp,NULL),
(640, 'SAN AGUSTIN TLAXIACA', 14,1,current_timestamp,NULL),
(641, 'YAHUALICA', 14,1,current_timestamp,NULL),
(642, 'HUAUTLA', 14,1,current_timestamp,NULL),
(643, 'SAN BARTOLO TUTOTEPEC', 14,1,current_timestamp,NULL),
(644, 'ZACUALTIPAN DE ANGELES', 14,1,current_timestamp,NULL),
(645, 'HUAZALINGO', 14,1,current_timestamp,NULL),
(646, 'SAN SALVADOR', 14,1,current_timestamp,NULL),
(647, 'ZAPOTLAN DE JUAREZ', 14,1,current_timestamp,NULL),
(648, 'HUEHUETLA', 14,1,current_timestamp,NULL),
(649, 'SANTIAGO DE ANAYA', 14,1,current_timestamp,NULL),
(650, 'ZEMPOALA', 14,1,current_timestamp,NULL),
(651, 'HUEJUTLA DE REYES', 14,1,current_timestamp,NULL),
(652, 'SANTIAGO TULANTEPEC DE LUGO GUERRERO', 14,1,current_timestamp,NULL),
(653, 'ZIMAPAN', 14,1,current_timestamp,NULL),
(654, 'ACATIC ', 15,1,current_timestamp,NULL),
(655, 'ACATLÁN DE JUÁREZ ', 15,1,current_timestamp,NULL),
(656, 'AHUALULCO DE MERCADO ', 15,1,current_timestamp,NULL),
(657, 'AMACUECA ', 15,1,current_timestamp,NULL),
(658, 'AMATITÁN ', 15,1,current_timestamp,NULL),
(659, 'AMECA ', 15,1,current_timestamp,NULL),
(660, 'SAN JUANITO DE ESCOBEDO ', 15,1,current_timestamp,NULL),
(661, 'ARANDAS ', 15,1,current_timestamp,NULL),
(662, 'EL ARENAL ', 15,1,current_timestamp,NULL),
(663, 'ATEMAJAC DE BRIZUELA ', 15,1,current_timestamp,NULL),
(664, 'ATENGO ', 15,1,current_timestamp,NULL),
(665, 'ATENGUILLO ', 15,1,current_timestamp,NULL),
(666, 'ATOTONILCO EL ALTO ', 15,1,current_timestamp,NULL),
(667, 'ATOYAC ', 15,1,current_timestamp,NULL),
(668, 'AUTLÁN DE NAVARRO ', 15,1,current_timestamp,NULL),
(669, 'AYOTLÁN ', 15,1,current_timestamp,NULL),
(670, 'AYUTLA ', 15,1,current_timestamp,NULL),
(671, 'LA BARCA ', 15,1,current_timestamp,NULL),
(672, 'BOLAÑOS ', 15,1,current_timestamp,NULL),
(673, 'CABO CORRIENTES ', 15,1,current_timestamp,NULL),
(674, 'CASIMIRO CASTILLO ', 15,1,current_timestamp,NULL),
(675, 'CIHUATLÁN ', 15,1,current_timestamp,NULL),
(676, 'ZAPOTLÁN EL GRANDE ', 15,1,current_timestamp,NULL),
(677, 'COCULA ', 15,1,current_timestamp,NULL),
(678, 'COLOTLÁN ', 15,1,current_timestamp,NULL),
(679, 'CONCEPCIÓN DE BUENOS AIRES ', 15,1,current_timestamp,NULL),
(680, 'CUAUTITLÁN DE GARCÍA BARRAGÁN ', 15,1,current_timestamp,NULL),
(681, 'CUAUTLA ', 15,1,current_timestamp,NULL),
(682, 'CUQUÍO ', 15,1,current_timestamp,NULL),
(683, 'CHAPALA ', 15,1,current_timestamp,NULL),
(684, 'CHIMALTITÁN ', 15,1,current_timestamp,NULL),
(685, 'CHIQUILISTLÁN ', 15,1,current_timestamp,NULL),
(686, 'DEGOLLADO ', 15,1,current_timestamp,NULL),
(687, 'EJUTLA ', 15,1,current_timestamp,NULL),
(688, 'ENCARNACIÓN DE DÍAZ ', 15,1,current_timestamp,NULL),
(689, 'ETZATLÁN ', 15,1,current_timestamp,NULL),
(690, 'EL GRULLO ', 15,1,current_timestamp,NULL),
(691, 'GUACHINANGO ', 15,1,current_timestamp,NULL),
(692, 'GUADALAJARA ', 15,1,current_timestamp,NULL),
(693, 'HOSTOTIPAQUILLO ', 15,1,current_timestamp,NULL),
(694, 'HUEJÚCAR ', 15,1,current_timestamp,NULL),
(695, 'HUEJUQUILLA EL ALTO ', 15,1,current_timestamp,NULL),
(696, 'LA HUERTA ', 15,1,current_timestamp,NULL),
(697, 'IXTLAHACÁN DE LOS MEMBRILLOS ', 15,1,current_timestamp,NULL),
(698, 'IXTLAHUACÁN DEL RÍO ', 15,1,current_timestamp,NULL),
(699, 'JALOSTOTITLÁN ', 15,1,current_timestamp,NULL),
(700, 'JAMAY ', 15,1,current_timestamp,NULL),
(701, 'JESÚS MARÍA ', 15,1,current_timestamp,NULL),
(702, 'JILOTLÁN DE LOS DOLORES ', 15,1,current_timestamp,NULL),
(703, 'JOCOTEPEC ', 15,1,current_timestamp,NULL),
(704, 'JUANACATLÁN ', 15,1,current_timestamp,NULL),
(705, 'JUCHITLÁN ', 15,1,current_timestamp,NULL),
(706, 'LAGOS DE MORENO ', 15,1,current_timestamp,NULL),
(707, 'EL LIMÓN ', 15,1,current_timestamp,NULL),
(708, 'MAGDALENA ', 15,1,current_timestamp,NULL),
(709, 'SANTA MARÍA DEL ORO ', 15,1,current_timestamp,NULL),
(710, 'LA MANZANILLA DE LA PAZ ', 15,1,current_timestamp,NULL),
(711, 'MASCOTA ', 15,1,current_timestamp,NULL),
(712, 'MAZAMITLA ', 15,1,current_timestamp,NULL),
(713, 'MEXTICACÁN ', 15,1,current_timestamp,NULL),
(714, 'MEZQUITIC ', 15,1,current_timestamp,NULL),
(715, 'MIXTLÁN ', 15,1,current_timestamp,NULL),
(716, 'OCOTLÁN', 15,1,current_timestamp,NULL),
(717, 'OJUELOS DE  JALISCO', 15,1,current_timestamp,NULL),
(718, 'PIHUAMO', 15,1,current_timestamp,NULL),
(719, 'PONCITLÁN', 15,1,current_timestamp,NULL),
(720, 'PUERTO VALLARTA', 15,1,current_timestamp,NULL),
(721, 'VILLA PURIFICACIÓN', 15,1,current_timestamp,NULL),
(722, 'QUITUPAN', 15,1,current_timestamp,NULL),
(723, 'EL SALTO', 15,1,current_timestamp,NULL),
(724, 'SAN CRISTÓBAL DE LA BARRANCA', 15,1,current_timestamp,NULL),
(725, 'SAN DIEGO DE ALEJANDRÍA', 15,1,current_timestamp,NULL),
(726, 'SAN JUAN DE LOS LAGOS', 15,1,current_timestamp,NULL),
(727, 'SAN JULIÁN', 15,1,current_timestamp,NULL),
(728, 'SAN MARCOS', 15,1,current_timestamp,NULL),
(729, 'SAN MARTÍN DE BOLAÑOS', 15,1,current_timestamp,NULL),
(730, 'SAN MARTÍN HIDALGO', 15,1,current_timestamp,NULL),
(731, 'SAN MIGUEL EL ALTO', 15,1,current_timestamp,NULL),
(732, 'GÓMEZ FARÍAS', 15,1,current_timestamp,NULL),
(733, 'SAN SEBASTIÁN DEL OESTE', 15,1,current_timestamp,NULL),
(734, 'SANTA MARÍA DE LOS ÁNGELES', 15,1,current_timestamp,NULL),
(735, 'SAYULA', 15,1,current_timestamp,NULL),
(736, 'TALA', 15,1,current_timestamp,NULL),
(737, 'TALPA DE ALLENDE', 15,1,current_timestamp,NULL),
(738, 'TAMAZULA DE GORDIANO', 15,1,current_timestamp,NULL),
(739, 'TAPALPA', 15,1,current_timestamp,NULL),
(740, 'TECALITLÁN', 15,1,current_timestamp,NULL),
(741, 'TECOLOTLÁN', 15,1,current_timestamp,NULL),
(742, 'TECHALUTA DE MONTENEGRO', 15,1,current_timestamp,NULL),
(743, 'TENAMAXLÁN', 15,1,current_timestamp,NULL),
(744, 'TEOCALTICHE', 15,1,current_timestamp,NULL),
(745, 'TEOCUITATLÁN DE CORONA', 15,1,current_timestamp,NULL),
(746, 'TEPATITLÁN DE MORELOS', 15,1,current_timestamp,NULL),
(747, 'TEQUILA', 15,1,current_timestamp,NULL),
(748, 'TEUCHITLÁN', 15,1,current_timestamp,NULL),
(749, 'TIZAPÁN EL ALTO', 15,1,current_timestamp,NULL),
(750, 'TLAJOMULCO DE ZÚÑIGA', 15,1,current_timestamp,NULL),
(751, 'TLAQUEPAQUE', 15,1,current_timestamp,NULL),
(752, 'TOLIMÁN', 15,1,current_timestamp,NULL),
(753, 'TOMATLÁN', 15,1,current_timestamp,NULL),
(754, 'TONALÁ', 15,1,current_timestamp,NULL),
(755, 'TONAYA', 15,1,current_timestamp,NULL),
(756, 'TONILA', 15,1,current_timestamp,NULL),
(757, 'TOTATICHE', 15,1,current_timestamp,NULL),
(758, 'TOTOTLÁN', 15,1,current_timestamp,NULL),
(759, 'TUXCACUESCO', 15,1,current_timestamp,NULL),
(760, 'TUXCUECA', 15,1,current_timestamp,NULL),
(761, 'TUXPAN', 15,1,current_timestamp,NULL),
(762, 'UNIÓN DE SAN ANTONIO', 15,1,current_timestamp,NULL),
(763, 'UNIÓN DE TULA', 15,1,current_timestamp,NULL),
(764, 'VALLE DE GUADALUPE', 15,1,current_timestamp,NULL),
(765, 'VALLE DE JUÁREZ', 15,1,current_timestamp,NULL),
(766, 'SAN GABRIEL', 15,1,current_timestamp,NULL),
(767, 'VILLA CORONA', 15,1,current_timestamp,NULL),
(768, 'VILLA GUERRERO', 15,1,current_timestamp,NULL),
(769, 'VILLA HIDALGO', 15,1,current_timestamp,NULL),
(770, 'CAÑADAS DE OBREGÓN', 15,1,current_timestamp,NULL),
(771, 'YAHUALICA DE GONZÁLEZ GALLO', 15,1,current_timestamp,NULL),
(772, 'ZACOALCO DE TORRES', 15,1,current_timestamp,NULL),
(773, 'ZAPOPAN', 15,1,current_timestamp,NULL),
(774, 'ZAPOTILTIC', 15,1,current_timestamp,NULL),
(775, 'ZAPOTITLÁN DE VADILLO', 15,1,current_timestamp,NULL),
(776, 'ZAPOTLÁN DEL REY', 15,1,current_timestamp,NULL),
(777, 'ZAPOTLANEJO', 15,1,current_timestamp,NULL),
(778, 'SAN IGNACIO CERRO GORDO', 15,1,current_timestamp,NULL),
(779, 'ACUITZIO', 16,1,current_timestamp,NULL),
(780, 'HUIRAMBA', 16,1,current_timestamp,NULL),
(781, 'SAN LUCAS', 16,1,current_timestamp,NULL),
(782, 'AGUILILLA', 16,1,current_timestamp,NULL),
(783, 'INDAPARAPEO', 16,1,current_timestamp,NULL),
(784, 'SANTA ANA MAYA', 16,1,current_timestamp,NULL),
(785, 'ÁLVARO OBREGÓN', 16,1,current_timestamp,NULL),
(786, 'IRIMBO', 16,1,current_timestamp,NULL),
(787, 'SALVADOR ESCALANTE', 16,1,current_timestamp,NULL),
(788, 'ANGAMACUTIRO', 16,1,current_timestamp,NULL),
(789, 'IXTLÁN', 16,1,current_timestamp,NULL),
(790, 'SENGUIO', 16,1,current_timestamp,NULL),
(791, 'ANGANGUEO', 16,1,current_timestamp,NULL),
(792, 'JACONA', 16,1,current_timestamp,NULL),
(793, 'SUSUPUATO', 16,1,current_timestamp,NULL),
(794, 'APATZINGÁN', 16,1,current_timestamp,NULL),
(795, 'JIMÉNEZ', 16,1,current_timestamp,NULL),
(796, 'TACÁMBARO', 16,1,current_timestamp,NULL),
(797, 'APORO', 16,1,current_timestamp,NULL),
(798, 'JIQUILPAN', 16,1,current_timestamp,NULL),
(799, 'TANCÍTARO', 16,1,current_timestamp,NULL),
(800, 'AQUILA', 16,1,current_timestamp,NULL),
(801, 'JUÁREZ', 16,1,current_timestamp,NULL),
(802, 'TANGAMANDAPIO', 16,1,current_timestamp,NULL),
(803, 'ARIO', 16,1,current_timestamp,NULL),
(804, 'JUNGAPEO', 16,1,current_timestamp,NULL),
(805, 'TANGANCÍCUARO', 16,1,current_timestamp,NULL),
(806, 'ARTEAGA', 16,1,current_timestamp,NULL),
(807, 'LAGUNILLAS', 16,1,current_timestamp,NULL),
(808, 'TANHUATO', 16,1,current_timestamp,NULL),
(809, 'BRISEÑAS', 16,1,current_timestamp,NULL),
(810, 'MADERO', 16,1,current_timestamp,NULL),
(811, 'TARETAN', 16,1,current_timestamp,NULL),
(812, 'BUENAVISTA', 16,1,current_timestamp,NULL),
(813, 'MARAVATÍO', 16,1,current_timestamp,NULL),
(814, 'TARÍMBARO', 16,1,current_timestamp,NULL),
(815, 'CARÁCUARO', 16,1,current_timestamp,NULL),
(816, 'MARCOS CASTELLANOS', 16,1,current_timestamp,NULL),
(817, 'TEPALCATEPEC', 16,1,current_timestamp,NULL),
(818, 'COAHUAYANA', 16,1,current_timestamp,NULL),
(819, 'LÁZARO CÁRDENAS', 16,1,current_timestamp,NULL),
(820, 'TINGAMBATO', 16,1,current_timestamp,NULL),
(821, 'COALCOMÁN DE VÁZQUEZ PALLARES', 16,1,current_timestamp,NULL),
(822, 'MORELIA', 16,1,current_timestamp,NULL),
(823, 'TINGUINDÍN', 16,1,current_timestamp,NULL),
(824, 'COENEO', 16,1,current_timestamp,NULL),
(825, 'MORELOS', 16,1,current_timestamp,NULL),
(826, 'TIQUICHEO DE NICOLÁS ROMERO', 16,1,current_timestamp,NULL),
(827, 'CONTEPEC', 16,1,current_timestamp,NULL),
(828, 'MÚGICA', 16,1,current_timestamp,NULL),
(829, 'TLALPUJAHUA', 16,1,current_timestamp,NULL),
(830, 'COPÁNDARO', 16,1,current_timestamp,NULL),
(831, 'NAHUATZEN', 16,1,current_timestamp,NULL),
(832, 'TLAZAZALCA', 16,1,current_timestamp,NULL),
(833, 'COTIJA', 16,1,current_timestamp,NULL),
(834, 'NOCUPÉTARO', 16,1,current_timestamp,NULL),
(835, 'TOCUMBO', 16,1,current_timestamp,NULL),
(836, 'CUITZEO', 16,1,current_timestamp,NULL),
(837, 'NUEVO PARANGARICUTIRO', 16,1,current_timestamp,NULL),
(838, 'TUMBISCATÍO', 16,1,current_timestamp,NULL),
(839, 'CHARAPAN', 16,1,current_timestamp,NULL),
(840, 'NUEVO URECHO', 16,1,current_timestamp,NULL),
(841, 'TURICATO', 16,1,current_timestamp,NULL),
(842, 'CHARO', 16,1,current_timestamp,NULL),
(843, 'NUMARÁN', 16,1,current_timestamp,NULL),
(844, 'TUXPAN', 16,1,current_timestamp,NULL),
(845, 'CHAVINDA', 16,1,current_timestamp,NULL),
(846, 'OCAMPO', 16,1,current_timestamp,NULL),
(847, 'TUZANTLA', 16,1,current_timestamp,NULL),
(848, 'CHERÁN', 16,1,current_timestamp,NULL),
(849, 'PAJACUARÁN', 16,1,current_timestamp,NULL),
(850, 'TZINTZUNTZAN', 16,1,current_timestamp,NULL),
(851, 'CHILCHOTA', 16,1,current_timestamp,NULL),
(852, 'PANINDÍCUARO', 16,1,current_timestamp,NULL),
(853, 'TZITZIO', 16,1,current_timestamp,NULL),
(854, 'CHINICUILA', 16,1,current_timestamp,NULL),
(855, 'PARÁCUARO', 16,1,current_timestamp,NULL),
(856, 'URUAPAN', 16,1,current_timestamp,NULL),
(857, 'CHUCÁNDIRO', 16,1,current_timestamp,NULL),
(858, 'PARACHO', 16,1,current_timestamp,NULL),
(859, 'VENUSTIANO CARRANZA', 16,1,current_timestamp,NULL),
(860, 'CHURINTZIO', 16,1,current_timestamp,NULL),
(861, 'PÁTZCUARO', 16,1,current_timestamp,NULL),
(862, 'VILLAMAR', 16,1,current_timestamp,NULL),
(863, 'CHURUMUCO', 16,1,current_timestamp,NULL),
(864, 'PENJAMILLO', 16,1,current_timestamp,NULL),
(865, 'VISTA HERMOSA', 16,1,current_timestamp,NULL),
(866, 'ECUANDUREO', 16,1,current_timestamp,NULL),
(867, 'PERIBÁN', 16,1,current_timestamp,NULL),
(868, 'YURÉCUARO', 16,1,current_timestamp,NULL),
(869, 'EPITACIO HUERTA', 16,1,current_timestamp,NULL),
(870, 'PIEDAD, LA', 16,1,current_timestamp,NULL),
(871, 'ZACAPU', 16,1,current_timestamp,NULL),
(872, 'ERONGARÍCUARO', 16,1,current_timestamp,NULL),
(873, 'PURÉPERO', 16,1,current_timestamp,NULL),
(874, 'ZAMORA', 16,1,current_timestamp,NULL),
(875, 'GABRIEL ZAMORA', 16,1,current_timestamp,NULL),
(876, 'PURUÁNDIRO', 16,1,current_timestamp,NULL),
(877, 'ZINÁPARO', 16,1,current_timestamp,NULL),
(878, 'HIDALGO', 16,1,current_timestamp,NULL),
(879, 'QUERÉNDARO', 16,1,current_timestamp,NULL),
(880, 'ZINAPÉCUARO', 16,1,current_timestamp,NULL),
(881, 'HUACANA, LA', 16,1,current_timestamp,NULL),
(882, 'QUIROGA', 16,1,current_timestamp,NULL),
(883, 'ZIRACUARETIRO', 16,1,current_timestamp,NULL),
(884, 'HUANDACAREO', 16,1,current_timestamp,NULL),
(885, 'RÉGULES, COJUMATLÁN DE', 16,1,current_timestamp,NULL),
(886, 'ZITÁCUARO', 16,1,current_timestamp,NULL),
(887, 'HUANIQUEO', 16,1,current_timestamp,NULL),
(888, 'REYES, LOS', 16,1,current_timestamp,NULL),
(889, 'JOSÉ SIXTO VERDUZCO', 16,1,current_timestamp,NULL),
(890, 'HUETAMO', 16,1,current_timestamp,NULL),
(891, 'SAHUAYO', 16,1,current_timestamp,NULL),
(892, 'VILLA GUERRERO', 16,1,current_timestamp,NULL),
(893, 'VILLA HIDALGO', 16,1,current_timestamp,NULL),
(894, 'CAÑADAS DE OBREGÓN', 16,1,current_timestamp,NULL),
(895, 'YAHUALICA DE GONZÁLEZ GALLO', 16,1,current_timestamp,NULL),
(896, 'ZACOALCO DE TORRES', 16,1,current_timestamp,NULL),
(897, 'ZAPOPAN', 16,1,current_timestamp,NULL),
(898, 'ZAPOTILTIC', 16,1,current_timestamp,NULL),
(899, 'ZAPOTITLÁN DE VADILLO', 16,1,current_timestamp,NULL),
(900, 'ZAPOTLÁN DEL REY', 16,1,current_timestamp,NULL),
(901, 'ZAPOTLANEJO', 16,1,current_timestamp,NULL),
(902, 'SAN IGNACIO CERRO GORDO', 16,1,current_timestamp,NULL),
(903, 'Amacuzac ', 17,1,current_timestamp,NULL),
(904, 'Atlatlahucan ', 17,1,current_timestamp,NULL),
(905, 'Axochiapan ', 17,1,current_timestamp,NULL),
(906, 'Ayala ', 17,1,current_timestamp,NULL),
(907, 'Coatlan del Río ', 17,1,current_timestamp,NULL),
(908, 'Cuautla ', 17,1,current_timestamp,NULL),
(909, 'Cuernavaca ', 17,1,current_timestamp,NULL),
(910, 'Emiliano Zapata ', 17,1,current_timestamp,NULL),
(911, 'Huitzilac ', 17,1,current_timestamp,NULL),
(912, 'Jantetelco ', 17,1,current_timestamp,NULL),
(913, 'Jiutepec ', 17,1,current_timestamp,NULL),
(914, 'Jojutla ', 17,1,current_timestamp,NULL),
(915, 'Jonacatepec ', 17,1,current_timestamp,NULL),
(916, 'Mazatepec ', 17,1,current_timestamp,NULL),
(917, 'Miacatlán ', 17,1,current_timestamp,NULL),
(918, 'Ocuituco ', 17,1,current_timestamp,NULL),
(919, 'Puente de Ixtla ', 17,1,current_timestamp,NULL),
(920, 'Temixco ', 17,1,current_timestamp,NULL),
(921, 'Temoac', 17,1,current_timestamp,NULL),
(922, 'Tepalcingo ', 17,1,current_timestamp,NULL),
(923, 'Tepoztlan ', 17,1,current_timestamp,NULL),
(924, 'Tetecala ', 17,1,current_timestamp,NULL),
(925, 'Tetela del Volcán ', 17,1,current_timestamp,NULL),
(926, 'Tlalnepantla', 17,1,current_timestamp,NULL),
(927, 'Tlaltizapan', 17,1,current_timestamp,NULL),
(928, 'Tlaquiltenango', 17,1,current_timestamp,NULL),
(929, 'Tlayacapan', 17,1,current_timestamp,NULL),
(930, 'Totolapan', 17,1,current_timestamp,NULL),
(931, 'Xochitepec', 17,1,current_timestamp,NULL),
(932, 'Yautepec', 17,1,current_timestamp,NULL),
(933, 'Yecapixtla', 17,1,current_timestamp,NULL),
(934, 'Zacatepec', 17,1,current_timestamp,NULL),
(935, 'Zacualpan de Amilpas', 17,1,current_timestamp,NULL),
(936, 'ACAPONETA ', 18,1,current_timestamp,NULL),
(937, 'AHUACATLÁN ', 18,1,current_timestamp,NULL),
(938, 'AMATLÁN DE CAÑAS ', 18,1,current_timestamp,NULL),
(939, 'BAHÍA DE BANDERAS', 18,1,current_timestamp,NULL),
(940, 'COMPOSTELA ', 18,1,current_timestamp,NULL),
(941, 'HUAJICORI ', 18,1,current_timestamp,NULL),
(942, 'IXTLÁN DEL RÍO ', 18,1,current_timestamp,NULL),
(943, 'JALA ', 18,1,current_timestamp,NULL),
(944, 'NAYAR, EL ', 18,1,current_timestamp,NULL),
(945, 'ROSAMORADA ', 18,1,current_timestamp,NULL),
(946, 'RUÍZ', 18,1,current_timestamp,NULL),
(947, 'SAN BLAS', 18,1,current_timestamp,NULL),
(948, 'SAN PEDRO LAGUNILLAS', 18,1,current_timestamp,NULL),
(949, 'SANTA MARÍA DEL ORO', 18,1,current_timestamp,NULL),
(950, 'SANTIAGO IXCUINTLA', 18,1,current_timestamp,NULL),
(951, 'TECUALA', 18,1,current_timestamp,NULL),
(952, 'TEPIC', 18,1,current_timestamp,NULL),
(953, 'TUXPAN', 18,1,current_timestamp,NULL),
(954, 'XALISCO ', 18,1,current_timestamp,NULL),
(955, 'YESCA, LA', 18,1,current_timestamp,NULL),
(956, 'Abasolo  ', 19,1,current_timestamp,NULL),
(957, 'Agualeguas ', 19,1,current_timestamp,NULL),
(958, 'Aldamas, Los ', 19,1,current_timestamp,NULL),
(959, 'Allende ', 19,1,current_timestamp,NULL),
(960, 'Anáhuac ', 19,1,current_timestamp,NULL),
(961, 'Apodaca ', 19,1,current_timestamp,NULL),
(962, 'Aramberri ', 19,1,current_timestamp,NULL),
(963, 'Bustamante ', 19,1,current_timestamp,NULL),
(964, 'Cadereyta Jiménez ', 19,1,current_timestamp,NULL),
(965, 'Carmen, El ', 19,1,current_timestamp,NULL),
(966, 'Cerralvo ', 19,1,current_timestamp,NULL),
(967, 'China ', 19,1,current_timestamp,NULL),
(968, 'Ciénega de Flores ', 19,1,current_timestamp,NULL),
(969, 'Doctor Arroyo ', 19,1,current_timestamp,NULL),
(970, 'Doctor Coss ', 19,1,current_timestamp,NULL),
(971, 'Doctor González ', 19,1,current_timestamp,NULL),
(972, 'Galeana ', 19,1,current_timestamp,NULL),
(973, 'García ', 19,1,current_timestamp,NULL),
(974, 'General Bravo ', 19,1,current_timestamp,NULL),
(975, 'General Escobedo ', 19,1,current_timestamp,NULL),
(976, 'General Terán ', 19,1,current_timestamp,NULL),
(977, 'General Treviño ', 19,1,current_timestamp,NULL),
(978, 'General Zaragoza ', 19,1,current_timestamp,NULL),
(979, 'General Zuazua ', 19,1,current_timestamp,NULL),
(980, 'Guadalupe ', 19,1,current_timestamp,NULL),
(981, 'Herreras, Los ', 19,1,current_timestamp,NULL),
(982, 'Hidalgo', 19,1,current_timestamp,NULL),
(983, 'Higueras', 19,1,current_timestamp,NULL),
(984, 'Hualahuises', 19,1,current_timestamp,NULL),
(985, 'Iturbide', 19,1,current_timestamp,NULL),
(986, 'Juárez', 19,1,current_timestamp,NULL),
(987, 'Lampazos de Naranjo', 19,1,current_timestamp,NULL),
(988, 'Linares', 19,1,current_timestamp,NULL),
(989, 'Marín', 19,1,current_timestamp,NULL),
(990, 'Melchor Ocampo', 19,1,current_timestamp,NULL),
(991, 'Mier y Noriega', 19,1,current_timestamp,NULL),
(992, 'Mina', 19,1,current_timestamp,NULL),
(993, 'Montemorelos', 19,1,current_timestamp,NULL),
(994, 'Monterrey', 19,1,current_timestamp,NULL),
(995, 'Parás', 19,1,current_timestamp,NULL),
(996, 'Pesquería', 19,1,current_timestamp,NULL),
(997, 'Ramones, Los', 19,1,current_timestamp,NULL),
(998, 'Rayones', 19,1,current_timestamp,NULL),
(999, 'Sabinas Hidalgo', 19,1,current_timestamp,NULL),
(1000, 'Salinas Victoria', 19,1,current_timestamp,NULL),
(1001, 'San Nicolás de los Garza', 19,1,current_timestamp,NULL),
(1002, 'San Pedro Garza García', 19,1,current_timestamp,NULL),
(1003, 'Santa Catarina', 19,1,current_timestamp,NULL),
(1004, 'Santiago', 19,1,current_timestamp,NULL),
(1005, 'Vallecillo', 19,1,current_timestamp,NULL),
(1006, 'Villaldama', 19,1,current_timestamp,NULL),
(1007, 'ABEJONES', 20,1,current_timestamp,NULL),
(1008, 'ACATLAN DE PEREZ FIGUEROA', 20,1,current_timestamp,NULL),
(1009, 'ANIMAS TRUJANO', 20,1,current_timestamp,NULL),
(1010, 'ASUNCION CACALOTEPEC', 20,1,current_timestamp,NULL),
(1011, 'ASUNCION CUYOTEPEJI', 20,1,current_timestamp,NULL),
(1012, 'ASUNCION IXTALTEPEC', 20,1,current_timestamp,NULL),
(1013, 'ASUNCION NOCHIXTLAN', 20,1,current_timestamp,NULL),
(1014, 'ASUNCION OCOTLAN', 20,1,current_timestamp,NULL),
(1015, 'ASUNCION TLACOLULITA', 20,1,current_timestamp,NULL),
(1016, 'AYOQUEZCO DE ALDAMA', 20,1,current_timestamp,NULL),
(1017, 'AYOTZINTEPEC', 20,1,current_timestamp,NULL),
(1018, 'CALIHUALA', 20,1,current_timestamp,NULL),
(1019, 'CANDELARIA LOXICHA', 20,1,current_timestamp,NULL),
(1020, 'CAPULALPAM DE MENDEZ', 20,1,current_timestamp,NULL),
(1021, 'CIENEGA DE ZIMATLAN', 20,1,current_timestamp,NULL),
(1022, 'CIUDAD IXTEPEC', 20,1,current_timestamp,NULL),
(1023, 'COATECAS ALTAS', 20,1,current_timestamp,NULL),
(1024, 'COICOYAN DE LAS FLORES', 20,1,current_timestamp,NULL),
(1025, 'CONCEPCION BUENAVISTA', 20,1,current_timestamp,NULL),
(1026, 'CONCEPCION PAPALO', 20,1,current_timestamp,NULL),
(1027, 'CONSTANCIA DEL ROSARIO', 20,1,current_timestamp,NULL),
(1028, 'COSOLAPA', 20,1,current_timestamp,NULL),
(1029, 'COSOLTEPEC', 20,1,current_timestamp,NULL),
(1030, 'CUILAPAM DE GUERRERO', 20,1,current_timestamp,NULL),
(1031, 'CUYAMECALCO VILLA DE ZARAGOZA', 20,1,current_timestamp,NULL),
(1032, 'CHAHUITES', 20,1,current_timestamp,NULL),
(1033, 'CHALCATONGO DE HIDALGO', 20,1,current_timestamp,NULL),
(1034, 'CHIQUIHUITLAN DE BENITO JUAREZ', 20,1,current_timestamp,NULL),
(1035, 'EL BARRIO DE LA SOLEDAD', 20,1,current_timestamp,NULL),
(1036, 'EL ESPINAL', 20,1,current_timestamp,NULL),
(1037, 'ELOXOCHITLAN DE FLORES MAGON', 20,1,current_timestamp,NULL),
(1038, 'FRESNILLO DE TRUJANO', 20,1,current_timestamp,NULL),
(1039, 'GUADALUPE DE RAMIREZ', 20,1,current_timestamp,NULL),
(1040, 'GUADALUPE ETLA', 20,1,current_timestamp,NULL),
(1041, 'GUELATAO DE JUAREZ', 20,1,current_timestamp,NULL),
(1042, 'GUEVEA DE HUMBOLDT', 20,1,current_timestamp,NULL),
(1043, 'HEROICA CIUDAD DE EJUTLA DE CRESPO', 20,1,current_timestamp,NULL),
(1044, 'HEROICA CIUDAD DE HUAJUAPAN DE LEON', 20,1,current_timestamp,NULL),
(1045, 'HEROICA CIUDAD DE TLAXIACO', 20,1,current_timestamp,NULL),
(1046, 'HUAUTEPEC', 20,1,current_timestamp,NULL),
(1047, 'HUAUTLA DE JIMENEZ', 20,1,current_timestamp,NULL),
(1048, 'IXPANTEPEC NIEVES', 20,1,current_timestamp,NULL),
(1049, 'IXTLAN DE JUAREZ', 20,1,current_timestamp,NULL),
(1050, 'JUCHITAN DE ZARAGOZA', 20,1,current_timestamp,NULL),
(1051, 'LA COMPAÑIA', 20,1,current_timestamp,NULL),
(1052, 'LA PE', 20,1,current_timestamp,NULL),
(1053, 'LA REFORMA', 20,1,current_timestamp,NULL),
(1054, 'LA TRINIDAD VISTA HERMOSA', 20,1,current_timestamp,NULL),
(1055, 'LOMA BONITA', 20,1,current_timestamp,NULL),
(1056, 'MAGDALENA APASCO', 20,1,current_timestamp,NULL),
(1057, 'MAGDALENA JALTEPEC', 20,1,current_timestamp,NULL),
(1058, 'MAGDALENA MIXTEPEC', 20,1,current_timestamp,NULL),
(1059, 'MAGDALENA OCOTLAN', 20,1,current_timestamp,NULL),
(1060, 'MAGDALENA PEÑASCO', 20,1,current_timestamp,NULL),
(1061, 'MAGDALENA TEITIPAC', 20,1,current_timestamp,NULL),
(1062, 'MAGDALENA TEQUISISTLAN', 20,1,current_timestamp,NULL),
(1063, 'MAGDALENA TLACOTEPEC', 20,1,current_timestamp,NULL),
(1064, 'MAGDALENA YODOCONO DE PORFIRIO DIAZ', 20,1,current_timestamp,NULL),
(1065, 'MAGDALENA ZAHUATLAN', 20,1,current_timestamp,NULL),
(1066, 'MARISCALA DE JUAREZ', 20,1,current_timestamp,NULL),
(1067, 'MARTIRES DE TACUBAYA', 20,1,current_timestamp,NULL),
(1068, 'MATIAS ROMERO', 20,1,current_timestamp,NULL),
(1069, 'MAZATLAN VILLA DE FLORES', 20,1,current_timestamp,NULL),
(1070, 'MESONES HIDALGO', 20,1,current_timestamp,NULL),
(1071, 'MIAHUATLAN DE PORFIRIO DIAZ', 20,1,current_timestamp,NULL),
(1072, 'MIXISTLAN DE LA REFORMA', 20,1,current_timestamp,NULL),
(1073, 'MONJAS', 20,1,current_timestamp,NULL),
(1074, 'NATIVIDAD', 20,1,current_timestamp,NULL),
(1075, 'NAZARENO ETLA', 20,1,current_timestamp,NULL),
(1076, 'NEJAPA DE MADERO', 20,1,current_timestamp,NULL),
(1077, 'NUEVO ZOQUIAPAM', 20,1,current_timestamp,NULL),
(1078, 'OAXACA DE JUAREZ', 20,1,current_timestamp,NULL),
(1079, 'OCOTLAN DE MORELOS', 20,1,current_timestamp,NULL),
(1080, 'PINOTEPA DE DON LUIS', 20,1,current_timestamp,NULL),
(1081, 'PLUMA HIDALGO', 20,1,current_timestamp,NULL),
(1082, 'PUTLA VILLA DE GUERRERO', 20,1,current_timestamp,NULL),
(1083, 'REFORMA DE PINEDA', 20,1,current_timestamp,NULL),
(1084, 'REYES ETLA', 20,1,current_timestamp,NULL),
(1085, 'ROJAS DE CUAUHTEMOC', 20,1,current_timestamp,NULL),
(1086, 'SALINA CRUZ', 20,1,current_timestamp,NULL),
(1087, 'SAN AGUSTIN AMATENGO', 20,1,current_timestamp,NULL),
(1088, 'SAN AGUSTIN ATENANGO', 20,1,current_timestamp,NULL),
(1089, 'SAN AGUSTIN CHAYUCO', 20,1,current_timestamp,NULL),
(1090, 'SAN AGUSTIN DE LAS JUNTAS', 20,1,current_timestamp,NULL),
(1091, 'SAN AGUSTIN ETLA', 20,1,current_timestamp,NULL),
(1092, 'SAN AGUSTIN LOXICHA', 20,1,current_timestamp,NULL),
(1093, 'SAN AGUSTIN TLACOTEPEC', 20,1,current_timestamp,NULL),
(1094, 'SAN AGUSTIN YATARENI', 20,1,current_timestamp,NULL),
(1095, 'SAN ANDRES CABECERA NUEVA', 20,1,current_timestamp,NULL),
(1096, 'SAN ANDRES DINICUITI', 20,1,current_timestamp,NULL),
(1097, 'SAN ANDRES HUAXPALTEPEC', 20,1,current_timestamp,NULL),
(1098, 'SAN ANDRES HUAYAPAM', 20,1,current_timestamp,NULL),
(1099, 'SAN ANDRES IXTLAHUACA', 20,1,current_timestamp,NULL),
(1100, 'SAN ANDRES LAGUNAS', 20,1,current_timestamp,NULL),
(1101, 'SAN ANDRES NUXIÑO', 20,1,current_timestamp,NULL),
(1102, 'SAN ANDRES PAXTLAN', 20,1,current_timestamp,NULL),
(1103, 'SAN ANDRES SINAXTLA', 20,1,current_timestamp,NULL),
(1104, 'SAN ANDRES SOLAGA', 20,1,current_timestamp,NULL),
(1105, 'SAN ANDRES TEOTILALPAM', 20,1,current_timestamp,NULL),
(1106, 'SAN ANDRES TEPETLAPA', 20,1,current_timestamp,NULL),
(1107, 'SAN ANDRES YAA', 20,1,current_timestamp,NULL),
(1108, 'SAN ANDRES ZABACHE', 20,1,current_timestamp,NULL),
(1109, 'SAN ANDRES ZAUTLA', 20,1,current_timestamp,NULL),
(1110, 'SAN ANTONINO CASTILLO VELASCO', 20,1,current_timestamp,NULL),
(1111, 'SAN ANTONINO EL ALTO', 20,1,current_timestamp,NULL),
(1112, 'SAN ANTONINO MONTEVERDE', 20,1,current_timestamp,NULL),
(1113, 'SAN ANTONIO ACUTLA', 20,1,current_timestamp,NULL),
(1114, 'SAN ANTONIO DE LA CAL', 20,1,current_timestamp,NULL),
(1115, 'SAN ANTONIO HUITEPEC', 20,1,current_timestamp,NULL),
(1116, 'SAN ANTONIO NANAHUATIPAM', 20,1,current_timestamp,NULL),
(1117, 'SAN ANTONIO SINICAHUA', 20,1,current_timestamp,NULL),
(1118, 'SAN ANTONIO TEPETLAPA', 20,1,current_timestamp,NULL),
(1119, 'SAN BALTAZAR CHICHICAPAM', 20,1,current_timestamp,NULL),
(1120, 'SAN BALTAZAR LOXICHA', 20,1,current_timestamp,NULL),
(1121, 'SAN BALTAZAR YATZACHI EL BAJO', 20,1,current_timestamp,NULL),
(1122, 'SAN BARTOLO COYOTEPEC', 20,1,current_timestamp,NULL),
(1123, 'SAN BARTOLO SOYALTEPEC', 20,1,current_timestamp,NULL),
(1124, 'SAN BARTOLO YAUTEPEC', 20,1,current_timestamp,NULL),
(1125, 'SAN BARTOLOME AYAUTLA', 20,1,current_timestamp,NULL),
(1126, 'SAN BARTOLOME LOXICHA', 20,1,current_timestamp,NULL),
(1127, 'SAN BARTOLOME QUIALANA', 20,1,current_timestamp,NULL),
(1128, 'SAN BARTOLOME YUCUAÑE', 20,1,current_timestamp,NULL),
(1129, 'SAN BARTOLOME ZOOGOCHO', 20,1,current_timestamp,NULL),
(1130, 'SAN BERNARDO MIXTEPEC', 20,1,current_timestamp,NULL),
(1131, 'SAN BLAS ATEMPA', 20,1,current_timestamp,NULL),
(1132, 'SAN CARLOS YAUTEPEC', 20,1,current_timestamp,NULL),
(1133, 'SAN CRISTOBAL AMATLAN', 20,1,current_timestamp,NULL),
(1134, 'SAN CRISTOBAL AMOLTEPEC', 20,1,current_timestamp,NULL),
(1135, 'SAN CRISTOBAL LACHIRIOAG', 20,1,current_timestamp,NULL),
(1136, 'SAN CRISTOBAL SUCHIXTLAHUACA', 20,1,current_timestamp,NULL),
(1137, 'SAN DIONISIO DEL MAR', 20,1,current_timestamp,NULL),
(1138, 'SAN DIONISIO OCOTEPEC', 20,1,current_timestamp,NULL),
(1139, 'SAN DIONISIO OCOTLAN', 20,1,current_timestamp,NULL),
(1140, 'SAN ESTEBAN ATATLAHUCA', 20,1,current_timestamp,NULL),
(1141, 'SAN FELIPE JALAPA DE DIAZ', 20,1,current_timestamp,NULL),
(1142, 'SAN FELIPE TEJALAPAM', 20,1,current_timestamp,NULL),
(1143, 'SAN FELIPE USILA', 20,1,current_timestamp,NULL),
(1144, 'SAN FRANCISCO CAHUACUA', 20,1,current_timestamp,NULL),
(1145, 'SAN FRANCISCO CAJONOS', 20,1,current_timestamp,NULL),
(1146, 'SAN FRANCISCO CHAPULAPA', 20,1,current_timestamp,NULL),
(1147, 'SAN FRANCISCO CHINDUA', 20,1,current_timestamp,NULL),
(1148, 'SAN FRANCISCO DEL MAR', 20,1,current_timestamp,NULL),
(1149, 'SAN FRANCISCO HUEHUETLAN', 20,1,current_timestamp,NULL),
(1150, 'SAN FRANCISCO IXHUATAN', 20,1,current_timestamp,NULL),
(1151, 'SAN FRANCISCO JALTEPETONGO', 20,1,current_timestamp,NULL),
(1152, 'SAN FRANCISCO LACHIGOLO', 20,1,current_timestamp,NULL),
(1153, 'SAN FRANCISCO LOGUECHE', 20,1,current_timestamp,NULL),
(1154, 'SAN FRANCISCO NUXAÑO', 20,1,current_timestamp,NULL),
(1155, 'SAN FRANCISCO OZOLOTEPEC', 20,1,current_timestamp,NULL),
(1156, 'SAN FRANCISCO SOLA', 20,1,current_timestamp,NULL),
(1157, 'SAN FRANCISCO TELIXTLAHUACA', 20,1,current_timestamp,NULL),
(1158, 'SAN FRANCISCO TEOPAN', 20,1,current_timestamp,NULL),
(1159, 'SAN FRANCISCO TLAPANCINGO', 20,1,current_timestamp,NULL),
(1160, 'SAN GABRIEL MIXTEPEC', 20,1,current_timestamp,NULL),
(1161, 'SAN ILDEFONSO AMATLAN', 20,1,current_timestamp,NULL),
(1162, 'SAN ILDEFONSO SOLA', 20,1,current_timestamp,NULL),
(1163, 'SAN ILDEFONSO VILLA ALTA', 20,1,current_timestamp,NULL),
(1164, 'SAN JACINTO AMILPAS', 20,1,current_timestamp,NULL),
(1165, 'SAN JACINTO TLACOTEPEC', 20,1,current_timestamp,NULL),
(1166, 'SAN JERONIMO COATLAN', 20,1,current_timestamp,NULL),
(1167, 'SAN JERONIMO SILACAYOAPILLA', 20,1,current_timestamp,NULL),
(1168, 'SAN JERONIMO SOSOLA', 20,1,current_timestamp,NULL),
(1169, 'SAN JERONIMO TAVICHE', 20,1,current_timestamp,NULL),
(1170, 'SAN JERONIMO TECOATL', 20,1,current_timestamp,NULL),
(1171, 'SAN JERONIMO TLACOCHAHUAYA', 20,1,current_timestamp,NULL),
(1172, 'SAN JORGE NUCHITA', 20,1,current_timestamp,NULL),
(1173, 'SAN JOSE AYUQUILA', 20,1,current_timestamp,NULL),
(1174, 'SAN JOSE CHILTEPEC', 20,1,current_timestamp,NULL),
(1175, 'SAN JOSE DEL PEÑASCO', 20,1,current_timestamp,NULL),
(1176, 'SAN JOSE DEL PROGRESO', 20,1,current_timestamp,NULL),
(1177, 'SAN JOSE ESTANCIA GRANDE', 20,1,current_timestamp,NULL),
(1178, 'SAN JOSE INDEPENDENCIA', 20,1,current_timestamp,NULL),
(1179, 'SAN JOSE LACHIGUIRI', 20,1,current_timestamp,NULL),
(1180, 'SAN JOSE TENANGO', 20,1,current_timestamp,NULL),
(1181, 'SAN JUAN ACHIUTLA', 20,1,current_timestamp,NULL),
(1182, 'SAN JUAN ATEPEC', 20,1,current_timestamp,NULL),
(1183, 'SAN JUAN BAUTISTA ATATLAHUCA', 20,1,current_timestamp,NULL),
(1184, 'SAN JUAN BAUTISTA COIXTLAHUACA', 20,1,current_timestamp,NULL),
(1185, 'SAN JUAN BAUTISTA CUICATLAN', 20,1,current_timestamp,NULL),
(1186, 'SAN JUAN BAUTISTA GUELACHE', 20,1,current_timestamp,NULL),
(1187, 'SAN JUAN BAUTISTA JAYACATLAN', 20,1,current_timestamp,NULL),
(1188, 'SAN JUAN BAUTISTA LO DE SOTO', 20,1,current_timestamp,NULL),
(1189, 'SAN JUAN BAUTISTA SUCHITEPEC', 20,1,current_timestamp,NULL),
(1190, 'SAN JUAN BAUTISTA TLACOATZINTEPEC', 20,1,current_timestamp,NULL),
(1191, 'SAN JUAN BAUTISTA TLACHICHILCO', 20,1,current_timestamp,NULL),
(1192, 'SAN JUAN BAUTISTA TUXTEPEC', 20,1,current_timestamp,NULL),
(1193, 'SAN JUAN BAUTISTA VALLE NACIONAL', 20,1,current_timestamp,NULL),
(1194, 'SAN JUAN CACAHUATEPEC', 20,1,current_timestamp,NULL),
(1195, 'SAN JUAN CIENEGUILLA', 20,1,current_timestamp,NULL),
(1196, 'SAN JUAN COATZOSPAM', 20,1,current_timestamp,NULL),
(1197, 'SAN JUAN COLORADO', 20,1,current_timestamp,NULL),
(1198, 'SAN JUAN COMALTEPEC', 20,1,current_timestamp,NULL),
(1199, 'SAN JUAN COTZOCON', 20,1,current_timestamp,NULL),
(1200, 'SAN JUAN CHICOMEZUCHIL', 20,1,current_timestamp,NULL),
(1201, 'SAN JUAN CHILATECA', 20,1,current_timestamp,NULL),
(1202, 'SAN JUAN DE LOS CUES', 20,1,current_timestamp,NULL),
(1203, 'SAN JUAN DEL ESTADO', 20,1,current_timestamp,NULL),
(1204, 'SAN JUAN DEL RIO', 20,1,current_timestamp,NULL),
(1205, 'SAN JUAN DIUXI', 20,1,current_timestamp,NULL),
(1206, 'SAN JUAN EVANGELISTA ANALCO', 20,1,current_timestamp,NULL),
(1207, 'SAN JUAN GUELAVIA', 20,1,current_timestamp,NULL),
(1208, 'SAN JUAN GUICHICOVI', 20,1,current_timestamp,NULL),
(1209, 'SAN JUAN IHUALTEPEC', 20,1,current_timestamp,NULL),
(1210, 'SAN JUAN JUQUILA MIXES', 20,1,current_timestamp,NULL),
(1211, 'SAN JUAN JUQUILA VIJANOS', 20,1,current_timestamp,NULL),
(1212, 'SAN JUAN LACHAO', 20,1,current_timestamp,NULL),
(1213, 'SAN JUAN LACHIGALLA', 20,1,current_timestamp,NULL),
(1214, 'SAN JUAN LAJARCIA', 20,1,current_timestamp,NULL),
(1215, 'SAN JUAN LALANA', 20,1,current_timestamp,NULL),
(1216, 'SAN JUAN MAZATLAN', 20,1,current_timestamp,NULL),
(1217, 'SAN JUAN MIXTEPEC - DISTR. 08', 20,1,current_timestamp,NULL),
(1218, 'SAN JUAN MIXTEPEC - DISTR. 26', 20,1,current_timestamp,NULL),
(1219, 'SAN JUAN ÑUMI', 20,1,current_timestamp,NULL),
(1220, 'SAN JUAN OZOLOTEPEC', 20,1,current_timestamp,NULL),
(1221, 'SAN JUAN PETLAPA', 20,1,current_timestamp,NULL),
(1222, 'SAN JUAN QUIAHIJE', 20,1,current_timestamp,NULL),
(1223, 'SAN JUAN QUIOTEPEC', 20,1,current_timestamp,NULL),
(1224, 'SAN JUAN SAYULTEPEC', 20,1,current_timestamp,NULL),
(1225, 'SAN JUAN TABAA', 20,1,current_timestamp,NULL),
(1226, 'SAN JUAN TAMAZOLA', 20,1,current_timestamp,NULL),
(1227, 'SAN JUAN TEITA', 20,1,current_timestamp,NULL),
(1228, 'SAN JUAN TEITIPAC', 20,1,current_timestamp,NULL),
(1229, 'SAN JUAN TEPEUXILA', 20,1,current_timestamp,NULL),
(1230, 'SAN JUAN TEPOSCOLULA', 20,1,current_timestamp,NULL),
(1231, 'SAN JUAN YAEE', 20,1,current_timestamp,NULL),
(1232, 'SAN JUAN YATZONA', 20,1,current_timestamp,NULL),
(1233, 'SAN JUAN YUCUITA', 20,1,current_timestamp,NULL),
(1234, 'SAN LORENZO', 20,1,current_timestamp,NULL),
(1235, 'SAN LORENZO ALBARRADAS', 20,1,current_timestamp,NULL),
(1236, 'SAN LORENZO CACAOTEPEC', 20,1,current_timestamp,NULL),
(1237, 'SAN LORENZO CUAUNECUILTITLA', 20,1,current_timestamp,NULL),
(1238, 'SAN LORENZO TEXMELUCAN', 20,1,current_timestamp,NULL),
(1239, 'SAN LORENZO VICTORIA', 20,1,current_timestamp,NULL),
(1240, 'SAN LUCAS CAMOTLAN', 20,1,current_timestamp,NULL),
(1241, 'SAN LUCAS OJITLAN', 20,1,current_timestamp,NULL),
(1242, 'SAN LUCAS QUIAVINI', 20,1,current_timestamp,NULL),
(1243, 'SAN LUCAS ZOQUIAPAM', 20,1,current_timestamp,NULL),
(1244, 'SAN LUIS AMATLAN', 20,1,current_timestamp,NULL),
(1245, 'SAN MARCIAL OZOLOTEPEC', 20,1,current_timestamp,NULL),
(1246, 'SAN MARCOS ARTEAGA', 20,1,current_timestamp,NULL),
(1247, 'SAN MARTIN DE LOS CANSECOS', 20,1,current_timestamp,NULL),
(1248, 'SAN MARTIN HUAMELULPAM', 20,1,current_timestamp,NULL),
(1249, 'SAN MARTIN ITUNYOSO', 20,1,current_timestamp,NULL),
(1250, 'SAN MARTIN LACHILA', 20,1,current_timestamp,NULL),
(1251, 'SAN MARTIN PERAS', 20,1,current_timestamp,NULL),
(1252, 'SAN MARTIN TILCAJETE', 20,1,current_timestamp,NULL),
(1253, 'SAN MARTIN TOXPALAN', 20,1,current_timestamp,NULL),
(1254, 'SAN MARTIN ZACATEPEC', 20,1,current_timestamp,NULL),
(1255, 'SAN MATEO CAJONOS', 20,1,current_timestamp,NULL),
(1256, 'SAN MATEO DEL MAR', 20,1,current_timestamp,NULL),
(1257, 'SAN MATEO ETLATONGO', 20,1,current_timestamp,NULL),
(1258, 'SAN MATEO NEJAPAM', 20,1,current_timestamp,NULL),
(1259, 'SAN MATEO PEÑASCO', 20,1,current_timestamp,NULL),
(1260, 'SAN MATEO PIÑAS', 20,1,current_timestamp,NULL),
(1261, 'SAN MATEO RIO HONDO', 20,1,current_timestamp,NULL),
(1262, 'SAN MATEO SINDIHUI', 20,1,current_timestamp,NULL),
(1263, 'SAN MATEO TLAPILTEPEC', 20,1,current_timestamp,NULL),
(1264, 'SAN MATEO YOLOXOCHITLAN', 20,1,current_timestamp,NULL),
(1265, 'SAN MELCHOR BETAZA', 20,1,current_timestamp,NULL),
(1266, 'SAN MIGUEL ACHIUTLA', 20,1,current_timestamp,NULL),
(1267, 'SAN MIGUEL AHUEHUETITLAN', 20,1,current_timestamp,NULL),
(1268, 'SAN MIGUEL ALOAPAM', 20,1,current_timestamp,NULL),
(1269, 'SAN MIGUEL AMATITLAN', 20,1,current_timestamp,NULL),
(1270, 'SAN MIGUEL AMATLAN', 20,1,current_timestamp,NULL),
(1271, 'SAN MIGUEL COATLAN', 20,1,current_timestamp,NULL),
(1272, 'SAN MIGUEL CHICAHUA', 20,1,current_timestamp,NULL),
(1273, 'SAN MIGUEL CHIMALAPA', 20,1,current_timestamp,NULL),
(1274, 'SAN MIGUEL DEL PUERTO', 20,1,current_timestamp,NULL),
(1275, 'SAN MIGUEL DEL RIO', 20,1,current_timestamp,NULL),
(1276, 'SAN MIGUEL EJUTLA', 20,1,current_timestamp,NULL),
(1277, 'SAN MIGUEL EL GRANDE', 20,1,current_timestamp,NULL),
(1278, 'SAN MIGUEL HUAUTLA', 20,1,current_timestamp,NULL),
(1279, 'SAN MIGUEL MIXTEPEC', 20,1,current_timestamp,NULL),
(1280, 'SAN MIGUEL PANIXTLAHUACA', 20,1,current_timestamp,NULL),
(1281, 'SAN MIGUEL PERAS', 20,1,current_timestamp,NULL),
(1282, 'SAN MIGUEL PIEDRAS', 20,1,current_timestamp,NULL),
(1283, 'SAN MIGUEL QUETZALTEPEC', 20,1,current_timestamp,NULL),
(1284, 'SAN MIGUEL SANTA FLOR', 20,1,current_timestamp,NULL),
(1285, 'SAN MIGUEL SOYALTEPEC', 20,1,current_timestamp,NULL),
(1286, 'SAN MIGUEL SUCHIXTEPEC', 20,1,current_timestamp,NULL),
(1287, 'SAN MIGUEL TECOMATLAN', 20,1,current_timestamp,NULL),
(1288, 'SAN MIGUEL TENANGO', 20,1,current_timestamp,NULL),
(1289, 'SAN MIGUEL TEQUIXTEPEC', 20,1,current_timestamp,NULL),
(1290, 'SAN MIGUEL TILQUIAPAM', 20,1,current_timestamp,NULL),
(1291, 'SAN MIGUEL TLACAMAMA', 20,1,current_timestamp,NULL),
(1292, 'SAN MIGUEL TLACOTEPEC', 20,1,current_timestamp,NULL),
(1293, 'SAN MIGUEL TULANCINGO', 20,1,current_timestamp,NULL),
(1294, 'SAN MIGUEL YOTAO', 20,1,current_timestamp,NULL),
(1295, 'SAN NICOLAS', 20,1,current_timestamp,NULL),
(1296, 'SAN NICOLAS HIDALGO', 20,1,current_timestamp,NULL),
(1297, 'SAN PABLO COATLAN', 20,1,current_timestamp,NULL),
(1298, 'SAN PABLO CUATRO VENADOS', 20,1,current_timestamp,NULL),
(1299, 'SAN PABLO ETLA', 20,1,current_timestamp,NULL),
(1300, 'SAN PABLO HUITZO', 20,1,current_timestamp,NULL),
(1301, 'SAN PABLO HUIXTEPEC', 20,1,current_timestamp,NULL),
(1302, 'SAN PABLO MACUILTIANGUIS', 20,1,current_timestamp,NULL),
(1303, 'SAN PABLO TIJALTEPEC', 20,1,current_timestamp,NULL),
(1304, 'SAN PABLO VILLA DE MITLA', 20,1,current_timestamp,NULL),
(1305, 'SAN PABLO YAGANIZA', 20,1,current_timestamp,NULL),
(1306, 'SAN PEDRO AMUZGOS', 20,1,current_timestamp,NULL),
(1307, 'SAN PEDRO APOSTOL', 20,1,current_timestamp,NULL),
(1308, 'SAN PEDRO ATOYAC', 20,1,current_timestamp,NULL),
(1309, 'SAN PEDRO CAJONOS', 20,1,current_timestamp,NULL),
(1310, 'SAN PEDRO COMITANCILLO', 20,1,current_timestamp,NULL),
(1311, 'SAN PEDRO COXCALTEPEC CANTAROS', 20,1,current_timestamp,NULL),
(1312, 'SAN PEDRO EL ALTO', 20,1,current_timestamp,NULL),
(1313, 'SAN PEDRO HUAMELULA', 20,1,current_timestamp,NULL),
(1314, 'SAN PEDRO HUILOTEPEC', 20,1,current_timestamp,NULL),
(1315, 'SAN PEDRO IXCATLAN', 20,1,current_timestamp,NULL),
(1316, 'SAN PEDRO IXTLAHUACA', 20,1,current_timestamp,NULL),
(1317, 'SAN PEDRO JALTEPETONGO', 20,1,current_timestamp,NULL),
(1318, 'SAN PEDRO JICAYAN', 20,1,current_timestamp,NULL),
(1319, 'SAN PEDRO JOCOTIPAC', 20,1,current_timestamp,NULL),
(1320, 'SAN PEDRO JUCHATENGO', 20,1,current_timestamp,NULL),
(1321, 'SAN PEDRO MARTIR', 20,1,current_timestamp,NULL),
(1322, 'SAN PEDRO MARTIR QUIECHAPA', 20,1,current_timestamp,NULL),
(1323, 'SAN PEDRO MARTIR YUCUXACO', 20,1,current_timestamp,NULL),
(1324, 'SAN PEDRO MIXTEPEC - DISTR. 22 -', 20,1,current_timestamp,NULL),
(1325, 'SAN PEDRO MIXTEPEC - DISTR. 26 -', 20,1,current_timestamp,NULL),
(1326, 'SAN PEDRO MOLINOS', 20,1,current_timestamp,NULL),
(1327, 'SAN PEDRO NOPALA', 20,1,current_timestamp,NULL),
(1328, 'SAN PEDRO OCOPETATILLO', 20,1,current_timestamp,NULL),
(1329, 'SAN PEDRO OCOTEPEC', 20,1,current_timestamp,NULL),
(1330, 'SAN PEDRO POCHUTLA', 20,1,current_timestamp,NULL),
(1331, 'SAN PEDRO QUIATONI', 20,1,current_timestamp,NULL),
(1332, 'SAN PEDRO SOCHIAPAM', 20,1,current_timestamp,NULL),
(1333, 'SAN PEDRO TAPANATEPEC', 20,1,current_timestamp,NULL),
(1334, 'SAN PEDRO TAVICHE', 20,1,current_timestamp,NULL),
(1335, 'SAN PEDRO TEOZACOALCO', 20,1,current_timestamp,NULL),
(1336, 'SAN PEDRO TEUTILA', 20,1,current_timestamp,NULL),
(1337, 'SAN PEDRO TIDAA', 20,1,current_timestamp,NULL),
(1338, 'SAN PEDRO TOPILTEPEC', 20,1,current_timestamp,NULL),
(1339, 'SAN PEDRO TOTOLAPA', 20,1,current_timestamp,NULL),
(1340, 'SAN PEDRO Y SAN PABLO AYUTLA', 20,1,current_timestamp,NULL),
(1341, 'SAN PEDRO Y SAN PABLO TEPOSCOLULA', 20,1,current_timestamp,NULL),
(1342, 'SAN PEDRO Y SAN PABLO TEQUIXTEPEC', 20,1,current_timestamp,NULL),
(1343, 'SAN PEDRO YANERI', 20,1,current_timestamp,NULL),
(1344, 'SAN PEDRO YOLOX', 20,1,current_timestamp,NULL),
(1345, 'SAN PEDRO YUCUNAMA', 20,1,current_timestamp,NULL),
(1346, 'SAN RAYMUNDO JALPAN', 20,1,current_timestamp,NULL),
(1347, 'SAN SEBASTIAN ABASOLO', 20,1,current_timestamp,NULL),
(1348, 'SAN SEBASTIAN COATLAN', 20,1,current_timestamp,NULL),
(1349, 'SAN SEBASTIAN IXCAPA', 20,1,current_timestamp,NULL),
(1350, 'SAN SEBASTIAN NICANANDUTA', 20,1,current_timestamp,NULL),
(1351, 'SAN SEBASTIAN RIO HONDO', 20,1,current_timestamp,NULL),
(1352, 'SAN SEBASTIAN TECOMAXTLAHUACA', 20,1,current_timestamp,NULL),
(1353, 'SAN SEBASTIAN TEITIPAC', 20,1,current_timestamp,NULL),
(1354, 'SAN SEBASTIAN TUTLA', 20,1,current_timestamp,NULL),
(1355, 'SAN SIMON ALMOLONGAS', 20,1,current_timestamp,NULL),
(1356, 'SAN SIMON ZAHUATLAN', 20,1,current_timestamp,NULL),
(1357, 'SAN VICENTE COATLAN', 20,1,current_timestamp,NULL),
(1358, 'SAN VICENTE LACHIXIO', 20,1,current_timestamp,NULL),
(1359, 'SAN VICENTE NUÑU', 20,1,current_timestamp,NULL),
(1360, 'SANTA ANA', 20,1,current_timestamp,NULL),
(1361, 'SANTA ANA ATEIXTLAHUACA', 20,1,current_timestamp,NULL),
(1362, 'SANTA ANA CUAUHTEMOC', 20,1,current_timestamp,NULL),
(1363, 'SANTA ANA DEL VALLE', 20,1,current_timestamp,NULL),
(1364, 'SANTA ANA TAVELA', 20,1,current_timestamp,NULL),
(1365, 'SANTA ANA TLAPACOYAN', 20,1,current_timestamp,NULL),
(1366, 'SANTA ANA YARENI', 20,1,current_timestamp,NULL),
(1367, 'SANTA ANA ZEGACHE', 20,1,current_timestamp,NULL),
(1368, 'SANTA CATALINA QUIERI', 20,1,current_timestamp,NULL),
(1369, 'SANTA CATARINA CUIXTLA', 20,1,current_timestamp,NULL),
(1370, 'SANTA CATARINA IXTEPEJI', 20,1,current_timestamp,NULL),
(1371, 'SANTA CATARINA JUQUILA', 20,1,current_timestamp,NULL),
(1372, 'SANTA CATARINA LACHATAO', 20,1,current_timestamp,NULL),
(1373, 'SANTA CATARINA LOXICHA', 20,1,current_timestamp,NULL),
(1374, 'SANTA CATARINA MECHOACAN', 20,1,current_timestamp,NULL),
(1375, 'SANTA CATARINA MINAS', 20,1,current_timestamp,NULL),
(1376, 'SANTA CATARINA QUIANE', 20,1,current_timestamp,NULL),
(1377, 'SANTA CATARINA QUIOQUITANI', 20,1,current_timestamp,NULL),
(1378, 'SANTA CATARINA TAYATA', 20,1,current_timestamp,NULL),
(1379, 'SANTA CATARINA TICUA', 20,1,current_timestamp,NULL),
(1380, 'SANTA CATARINA YOSONOTU', 20,1,current_timestamp,NULL),
(1381, 'SANTA CATARINA ZAPOQUILA', 20,1,current_timestamp,NULL),
(1382, 'SANTA CRUZ ACATEPEC', 20,1,current_timestamp,NULL),
(1383, 'SANTA CRUZ AMILPAS', 20,1,current_timestamp,NULL),
(1384, 'SANTA CRUZ DE BRAVO', 20,1,current_timestamp,NULL),
(1385, 'SANTA CRUZ ITUNDUJIA', 20,1,current_timestamp,NULL),
(1386, 'SANTA CRUZ MIXTEPEC', 20,1,current_timestamp,NULL),
(1387, 'SANTA CRUZ NUNDACO', 20,1,current_timestamp,NULL),
(1388, 'SANTA CRUZ PAPALUTLA', 20,1,current_timestamp,NULL),
(1389, 'SANTA CRUZ TACACHE DE MINA', 20,1,current_timestamp,NULL),
(1390, 'SANTA CRUZ TACAHUA', 20,1,current_timestamp,NULL),
(1391, 'SANTA CRUZ TAYATA', 20,1,current_timestamp,NULL),
(1392, 'SANTA CRUZ XITLA', 20,1,current_timestamp,NULL),
(1393, 'SANTA CRUZ XOXOCOTLAN', 20,1,current_timestamp,NULL),
(1394, 'SANTA CRUZ ZENZONTEPEC', 20,1,current_timestamp,NULL),
(1395, 'SANTA GERTRUDIS', 20,1,current_timestamp,NULL),
(1396, 'SANTA INES DE ZARAGOZA', 20,1,current_timestamp,NULL),
(1397, 'SANTA INES DEL MONTE', 20,1,current_timestamp,NULL),
(1398, 'SANTA INES YATZECHE', 20,1,current_timestamp,NULL),
(1399, 'SANTA LUCIA DEL CAMINO', 20,1,current_timestamp,NULL),
(1400, 'SANTA LUCIA MIAHUATLAN', 20,1,current_timestamp,NULL),
(1401, 'SANTA LUCIA MONTEVERDE', 20,1,current_timestamp,NULL),
(1402, 'SANTA LUCIA OCOTLAN', 20,1,current_timestamp,NULL),
(1403, 'SANTA MAGDALENA JICOTLAN', 20,1,current_timestamp,NULL),
(1404, 'SANTA MARIA ALOTEPEC', 20,1,current_timestamp,NULL),
(1405, 'SANTA MARIA APAZCO', 20,1,current_timestamp,NULL),
(1406, 'SANTA MARIA ATZOMPA', 20,1,current_timestamp,NULL),
(1407, 'SANTA MARIA CAMOTLAN', 20,1,current_timestamp,NULL),
(1408, 'SANTA MARIA COLOTEPEC', 20,1,current_timestamp,NULL),
(1409, 'SANTA MARIA CORTIJO', 20,1,current_timestamp,NULL),
(1410, 'SANTA MARIA COYOTEPEC', 20,1,current_timestamp,NULL),
(1411, 'SANTA MARIA CHACHOAPAM', 20,1,current_timestamp,NULL),
(1412, 'SANTA MARIA CHILCHOTLA', 20,1,current_timestamp,NULL),
(1413, 'SANTA MARIA CHIMALAPA', 20,1,current_timestamp,NULL),
(1414, 'SANTA MARIA DEL ROSARIO', 20,1,current_timestamp,NULL),
(1415, 'SANTA MARIA DEL TULE', 20,1,current_timestamp,NULL),
(1416, 'SANTA MARIA ECATEPEC', 20,1,current_timestamp,NULL),
(1417, 'SANTA MARIA GUELACE', 20,1,current_timestamp,NULL),
(1418, 'SANTA MARIA GUIENAGATI', 20,1,current_timestamp,NULL),
(1419, 'SANTA MARIA HUATULCO', 20,1,current_timestamp,NULL),
(1420, 'SANTA MARIA HUAZOLOTITLAN', 20,1,current_timestamp,NULL),
(1421, 'SANTA MARIA IPALAPA', 20,1,current_timestamp,NULL),
(1422, 'SANTA MARIA IXCATLAN', 20,1,current_timestamp,NULL),
(1423, 'SANTA MARIA JACATEPEC', 20,1,current_timestamp,NULL),
(1424, 'SANTA MARIA JALAPA DEL MARQUES', 20,1,current_timestamp,NULL),
(1425, 'SANTA MARIA JALTIANGUIS', 20,1,current_timestamp,NULL),
(1426, 'SANTA MARIA LA ASUNCION', 20,1,current_timestamp,NULL),
(1427, 'SANTA MARIA LACHIXIO', 20,1,current_timestamp,NULL),
(1428, 'SANTA MARIA MIXTEQUILLA', 20,1,current_timestamp,NULL),
(1429, 'SANTA MARIA NATIVITAS', 20,1,current_timestamp,NULL),
(1430, 'SANTA MARIA NDUAYACO', 20,1,current_timestamp,NULL),
(1431, 'SANTA MARIA OZOLOTEPEC', 20,1,current_timestamp,NULL),
(1432, 'SANTA MARIA PAPALO', 20,1,current_timestamp,NULL),
(1433, 'SANTA MARIA PEÑOLES', 20,1,current_timestamp,NULL),
(1434, 'SANTA MARIA PETAPA', 20,1,current_timestamp,NULL),
(1435, 'SANTA MARIA QUIEGOLANI', 20,1,current_timestamp,NULL),
(1436, 'SANTA MARIA SOLA', 20,1,current_timestamp,NULL),
(1437, 'SANTA MARIA TATALTEPEC', 20,1,current_timestamp,NULL),
(1438, 'SANTA MARIA TECOMAVACA', 20,1,current_timestamp,NULL),
(1439, 'SANTA MARIA TEMAXCALAPA', 20,1,current_timestamp,NULL),
(1440, 'SANTA MARIA TEMAXCALTEPEC', 20,1,current_timestamp,NULL),
(1441, 'SANTA MARIA TEOPOXCO', 20,1,current_timestamp,NULL),
(1442, 'SANTA MARIA TEPANTLALI', 20,1,current_timestamp,NULL),
(1443, 'SANTA MARIA TEXCATITLAN', 20,1,current_timestamp,NULL),
(1444, 'SANTA MARIA TLAHUITOLTEPEC', 20,1,current_timestamp,NULL),
(1445, 'SANTA MARIA TLALIXTAC', 20,1,current_timestamp,NULL),
(1446, 'SANTA MARIA TONAMECA', 20,1,current_timestamp,NULL),
(1447, 'SANTA MARIA TOTOLAPILLA', 20,1,current_timestamp,NULL),
(1448, 'SANTA MARIA XADANI', 20,1,current_timestamp,NULL),
(1449, 'SANTA MARIA YALINA', 20,1,current_timestamp,NULL),
(1450, 'SANTA MARIA YAVESIA', 20,1,current_timestamp,NULL),
(1451, 'SANTA MARIA YOLOTEPEC', 20,1,current_timestamp,NULL),
(1452, 'SANTA MARIA YOSOYUA', 20,1,current_timestamp,NULL),
(1453, 'SANTA MARIA YUCUHITI', 20,1,current_timestamp,NULL),
(1454, 'SANTA MARIA ZACATEPEC', 20,1,current_timestamp,NULL),
(1455, 'SANTA MARIA ZANIZA', 20,1,current_timestamp,NULL),
(1456, 'SANTA MARIA ZOQUITLAN', 20,1,current_timestamp,NULL),
(1457, 'SANTIAGO AMOLTEPEC', 20,1,current_timestamp,NULL),
(1458, 'SANTIAGO APOALA', 20,1,current_timestamp,NULL),
(1459, 'SANTIAGO APOSTOL', 20,1,current_timestamp,NULL),
(1460, 'SANTIAGO ASTATA', 20,1,current_timestamp,NULL),
(1461, 'SANTIAGO ATITLAN', 20,1,current_timestamp,NULL),
(1462, 'SANTIAGO AYUQUILILLA', 20,1,current_timestamp,NULL),
(1463, 'SANTIAGO CACALOXTEPEC', 20,1,current_timestamp,NULL),
(1464, 'SANTIAGO CAMOTLAN', 20,1,current_timestamp,NULL),
(1465, 'SANTIAGO COMALTEPEC', 20,1,current_timestamp,NULL),
(1466, 'SANTIAGO CHAZUMBA', 20,1,current_timestamp,NULL),
(1467, 'SANTIAGO CHOAPAM', 20,1,current_timestamp,NULL),
(1468, 'SANTIAGO DEL RIO', 20,1,current_timestamp,NULL),
(1469, 'SANTIAGO HUAJOLOTITLAN', 20,1,current_timestamp,NULL),
(1470, 'SANTIAGO HUAUCLILLA', 20,1,current_timestamp,NULL),
(1471, 'SANTIAGO IHUITLAN PLUMAS', 20,1,current_timestamp,NULL),
(1472, 'SANTIAGO IXCUINTEPEC', 20,1,current_timestamp,NULL),
(1473, 'SANTIAGO IXTAYUTLA', 20,1,current_timestamp,NULL),
(1474, 'SANTIAGO JAMILTEPEC', 20,1,current_timestamp,NULL),
(1475, 'SANTIAGO JOCOTEPEC', 20,1,current_timestamp,NULL),
(1476, 'SANTIAGO JUXTLAHUACA', 20,1,current_timestamp,NULL),
(1477, 'SANTIAGO LACHIGUIRI', 20,1,current_timestamp,NULL),
(1478, 'SANTIAGO LALOPA', 20,1,current_timestamp,NULL),
(1479, 'SANTIAGO LAOLLAGA', 20,1,current_timestamp,NULL),
(1480, 'SANTIAGO LAXOPA', 20,1,current_timestamp,NULL),
(1481, 'SANTIAGO LLANO GRANDE', 20,1,current_timestamp,NULL),
(1482, 'SANTIAGO MATATLAN', 20,1,current_timestamp,NULL),
(1483, 'SANTIAGO MILTEPEC', 20,1,current_timestamp,NULL),
(1484, 'SANTIAGO MINAS', 20,1,current_timestamp,NULL),
(1485, 'SANTIAGO NACALTEPEC', 20,1,current_timestamp,NULL),
(1486, 'SANTIAGO NEJAPILLA', 20,1,current_timestamp,NULL),
(1487, 'SANTIAGO NILTEPEC', 20,1,current_timestamp,NULL),
(1488, 'SANTIAGO NUNDICHE', 20,1,current_timestamp,NULL),
(1489, 'SANTIAGO NUYOO', 20,1,current_timestamp,NULL),
(1490, 'SANTIAGO PINOTEPA NACIONAL', 20,1,current_timestamp,NULL),
(1491, 'SANTIAGO SUCHILQUITONGO', 20,1,current_timestamp,NULL),
(1492, 'SANTIAGO TAMAZOLA', 20,1,current_timestamp,NULL),
(1493, 'SANTIAGO TAPEXTLA', 20,1,current_timestamp,NULL),
(1494, 'SANTIAGO TENANGO', 20,1,current_timestamp,NULL),
(1495, 'SANTIAGO TEPETLAPA', 20,1,current_timestamp,NULL),
(1496, 'SANTIAGO TETEPEC', 20,1,current_timestamp,NULL),
(1497, 'SANTIAGO TEXCALCINGO', 20,1,current_timestamp,NULL),
(1498, 'SANTIAGO TEXTITLAN', 20,1,current_timestamp,NULL),
(1499, 'SANTIAGO TILANTONGO', 20,1,current_timestamp,NULL),
(1500, 'SANTIAGO TILLO', 20,1,current_timestamp,NULL),
(1501, 'SANTIAGO TLAZOYALTEPEC', 20,1,current_timestamp,NULL),
(1502, 'SANTIAGO XANICA', 20,1,current_timestamp,NULL),
(1503, 'SANTIAGO XIACUI', 20,1,current_timestamp,NULL),
(1504, 'SANTIAGO YAITEPEC', 20,1,current_timestamp,NULL),
(1505, 'SANTIAGO YAVEO', 20,1,current_timestamp,NULL),
(1506, 'SANTIAGO YOLOMECATL', 20,1,current_timestamp,NULL),
(1507, 'SANTIAGO YOSONDUA', 20,1,current_timestamp,NULL),
(1508, 'SANTIAGO YUCUYACHI', 20,1,current_timestamp,NULL),
(1509, 'SANTIAGO ZACATEPEC', 20,1,current_timestamp,NULL),
(1510, 'SANTIAGO ZOOCHILA', 20,1,current_timestamp,NULL),
(1511, 'SANTO DOMINGO ALBARRADAS', 20,1,current_timestamp,NULL),
(1512, 'SANTO DOMINGO ARMENTA', 20,1,current_timestamp,NULL),
(1513, 'SANTO DOMINGO CHIHUITAN', 20,1,current_timestamp,NULL),
(1514, 'SANTO DOMINGO DE MORELOS', 20,1,current_timestamp,NULL),
(1515, 'SANTO DOMINGO INGENIO', 20,1,current_timestamp,NULL),
(1516, 'SANTO DOMINGO IXCATLAN', 20,1,current_timestamp,NULL),
(1517, 'SANTO DOMINGO NUXAA', 20,1,current_timestamp,NULL),
(1518, 'SANTO DOMINGO OZOLOTEPEC', 20,1,current_timestamp,NULL),
(1519, 'SANTO DOMINGO PETAPA', 20,1,current_timestamp,NULL),
(1520, 'SANTO DOMINGO ROAYAGA', 20,1,current_timestamp,NULL),
(1521, 'SANTO DOMINGO TEHUANTEPEC', 20,1,current_timestamp,NULL),
(1522, 'SANTO DOMINGO TEOJOMULCO', 20,1,current_timestamp,NULL),
(1523, 'SANTO DOMINGO TEPUXTEPEC', 20,1,current_timestamp,NULL),
(1524, 'SANTO DOMINGO TLATAYAPAM', 20,1,current_timestamp,NULL),
(1525, 'SANTO DOMINGO TOMALTEPEC', 20,1,current_timestamp,NULL),
(1526, 'SANTO DOMINGO TONALA', 20,1,current_timestamp,NULL),
(1527, 'SANTO DOMINGO TONALTEPEC', 20,1,current_timestamp,NULL),
(1528, 'SANTO DOMINGO XAGACIA', 20,1,current_timestamp,NULL),
(1529, 'SANTO DOMINGO YANHUITLAN', 20,1,current_timestamp,NULL),
(1530, 'SANTO DOMINGO YODOHINO', 20,1,current_timestamp,NULL),
(1531, 'SANTO DOMINGO ZANATEPEC', 20,1,current_timestamp,NULL),
(1532, 'SANTO TOMAS JALIEZA', 20,1,current_timestamp,NULL),
(1533, 'SANTO TOMAS MAZALTEPEC', 20,1,current_timestamp,NULL),
(1534, 'SANTO TOMAS OCOTEPEC', 20,1,current_timestamp,NULL),
(1535, 'SANTO TOMAS TAMAZULAPAN', 20,1,current_timestamp,NULL),
(1536, 'SANTOS REYES NOPALA', 20,1,current_timestamp,NULL),
(1537, 'SANTOS REYES PAPALO', 20,1,current_timestamp,NULL),
(1538, 'SANTOS REYES TEPEJILLO', 20,1,current_timestamp,NULL),
(1539, 'SANTOS REYES YUCUNA', 20,1,current_timestamp,NULL),
(1540, 'SILACAYOAPAM', 20,1,current_timestamp,NULL),
(1541, 'SITIO DE XITLAPEHUA', 20,1,current_timestamp,NULL),
(1542, 'SOLEDAD ETLA', 20,1,current_timestamp,NULL),
(1543, 'TAMAZULAPAM DEL ESPIRITU SANTO', 20,1,current_timestamp,NULL),
(1544, 'TANETZE DE ZARAGOZA', 20,1,current_timestamp,NULL),
(1545, 'TANICHE', 20,1,current_timestamp,NULL),
(1546, 'TATALTEPEC DE VALDES', 20,1,current_timestamp,NULL),
(1547, 'TEOCOCUILCO DE MARCOS PEREZ', 20,1,current_timestamp,NULL),
(1548, 'TEOTITLAN DE FLORES MAGON', 20,1,current_timestamp,NULL),
(1549, 'TEOTITLAN DEL VALLE', 20,1,current_timestamp,NULL),
(1550, 'TEOTONGO', 20,1,current_timestamp,NULL),
(1551, 'TEPELMEME VILLA DE MORELOS', 20,1,current_timestamp,NULL),
(1552, 'TEZOATLAN DE SEGURA Y LUNA', 20,1,current_timestamp,NULL),
(1553, 'TLACOLULA DE MATAMOROS', 20,1,current_timestamp,NULL),
(1554, 'TLACOTEPEC PLUMAS', 20,1,current_timestamp,NULL),
(1555, 'TLALIXTAC DE CABRERA', 20,1,current_timestamp,NULL),
(1556, 'TOTONTEPEC VILLA DE MORELOS', 20,1,current_timestamp,NULL),
(1557, 'TRINIDAD ZAACHILA', 20,1,current_timestamp,NULL),
(1558, 'UNION HIDALGO HIDALGO', 20,1,current_timestamp,NULL),
(1559, 'VALERIO TRUJANO', 20,1,current_timestamp,NULL),
(1560, 'VILLA DE CHILAPA DE DIAZ', 20,1,current_timestamp,NULL),
(1561, 'VILLA DE ETLA', 20,1,current_timestamp,NULL),
(1562, 'VILLA DE TAMAZULAPAM DEL PROGRESO', 20,1,current_timestamp,NULL),
(1563, 'VILLA DE TUTUTEPEC DE MELCHOR OCAMPO', 20,1,current_timestamp,NULL),
(1564, 'VILLA DE ZAACHILA', 20,1,current_timestamp,NULL),
(1565, 'VILLA DIAZ ORDAZ', 20,1,current_timestamp,NULL),
(1566, 'VILLA HIDALGO', 20,1,current_timestamp,NULL),
(1567, 'VILLA SOLA DE VEGA', 20,1,current_timestamp,NULL),
(1568, 'VILLA TALEA DE CASTRO', 20,1,current_timestamp,NULL),
(1569, 'VILLA TEJUPAM DE LA UNION', 20,1,current_timestamp,NULL),
(1570, 'YAXE', 20,1,current_timestamp,NULL),
(1571, 'YOGANA', 20,1,current_timestamp,NULL),
(1572, 'YUTANDUCHI DE GUERRERO', 20,1,current_timestamp,NULL),
(1573, 'ZAPOTITLAN DEL RIO', 20,1,current_timestamp,NULL),
(1574, 'ZAPOTITLAN LAGUNAS', 20,1,current_timestamp,NULL),
(1575, 'ZAPOTITLAN PALMAS', 20,1,current_timestamp,NULL),
(1576, 'ZIMATLAN DE ALVAREZ', 20,1,current_timestamp,NULL),
(1577, 'ACAJETE ', 21,1,current_timestamp,NULL),
(1578, 'ACATENO ', 21,1,current_timestamp,NULL),
(1579, 'ACATLÁN ', 21,1,current_timestamp,NULL),
(1580, 'ACATZINGO ', 21,1,current_timestamp,NULL),
(1581, 'ACTEOPAN ', 21,1,current_timestamp,NULL),
(1582, 'AHUACATLÁN ', 21,1,current_timestamp,NULL),
(1583, 'AHUATLÁN ', 21,1,current_timestamp,NULL),
(1584, 'AHUAZOTEPEC ', 21,1,current_timestamp,NULL),
(1585, 'AHUEHUETITLA ', 21,1,current_timestamp,NULL),
(1586, 'AJALPAN ', 21,1,current_timestamp,NULL),
(1587, 'ALBINO ZERTUCHE ', 21,1,current_timestamp,NULL),
(1588, 'ALJOJUCA ', 21,1,current_timestamp,NULL),
(1589, 'ALTEPEXI ', 21,1,current_timestamp,NULL),
(1590, 'AMIXTLÁN ', 21,1,current_timestamp,NULL),
(1591, 'AMOZOC ', 21,1,current_timestamp,NULL),
(1592, 'AQUIXTLA ', 21,1,current_timestamp,NULL),
(1593, 'ATEMPAN ', 21,1,current_timestamp,NULL),
(1594, 'ATEXCAL ', 21,1,current_timestamp,NULL),
(1595, 'ATLIXCO ', 21,1,current_timestamp,NULL),
(1596, 'ATOYATEMPAN ', 21,1,current_timestamp,NULL),
(1597, 'ATZALA ', 21,1,current_timestamp,NULL),
(1598, 'ATZITZIHUACÁN ', 21,1,current_timestamp,NULL),
(1599, 'ATZITZINTLA ', 21,1,current_timestamp,NULL),
(1600, 'AXUTLA ', 21,1,current_timestamp,NULL),
(1601, 'AYOTOXCO DE GUERRERO ', 21,1,current_timestamp,NULL),
(1602, 'CALPAN ', 21,1,current_timestamp,NULL),
(1603, 'CALTEPEC ', 21,1,current_timestamp,NULL),
(1604, 'CAMOCUAUTLA ', 21,1,current_timestamp,NULL),
(1605, 'CAXHUACAN ', 21,1,current_timestamp,NULL),
(1606, 'COATEPEC ', 21,1,current_timestamp,NULL),
(1607, 'COATZINGO ', 21,1,current_timestamp,NULL),
(1608, 'COHETZALA ', 21,1,current_timestamp,NULL),
(1609, 'COHUECÁN ', 21,1,current_timestamp,NULL),
(1610, 'CORONANGO ', 21,1,current_timestamp,NULL),
(1611, 'COXCATLÁN ', 21,1,current_timestamp,NULL),
(1612, 'COYOMEAPAN ', 21,1,current_timestamp,NULL),
(1613, 'COYOTEPEC ', 21,1,current_timestamp,NULL),
(1614, 'CUAPIAXTLA DE MADERO ', 21,1,current_timestamp,NULL),
(1615, 'CUAUTEMPAN ', 21,1,current_timestamp,NULL),
(1616, 'CUANTINCHÁN ', 21,1,current_timestamp,NULL),
(1617, 'CUAUTLANCINGO ', 21,1,current_timestamp,NULL),
(1618, 'COAYUCA DE ANDRADE ', 21,1,current_timestamp,NULL),
(1619, 'CUETZALAN DEL PROGRESO ', 21,1,current_timestamp,NULL),
(1620, 'CUYOACO ', 21,1,current_timestamp,NULL),
(1621, 'CHALCHICOMULA DE SESMA ', 21,1,current_timestamp,NULL),
(1622, 'CHAPULCO ', 21,1,current_timestamp,NULL),
(1623, 'CHIAUTLA ', 21,1,current_timestamp,NULL),
(1624, 'CHIAUTZINGO ', 21,1,current_timestamp,NULL),
(1625, 'CHICONCUAUTLA ', 21,1,current_timestamp,NULL),
(1626, 'CHICHIQUILA ', 21,1,current_timestamp,NULL),
(1627, 'CHIETLA ', 21,1,current_timestamp,NULL),
(1628, 'CHIGMECATITLAN ', 21,1,current_timestamp,NULL),
(1629, 'CHIGNAHUAPAN ', 21,1,current_timestamp,NULL),
(1630, 'CHIGNAUTLA ', 21,1,current_timestamp,NULL),
(1631, 'CHILA ', 21,1,current_timestamp,NULL),
(1632, 'CHILA DE LA SAL ', 21,1,current_timestamp,NULL),
(1633, 'HONEY ', 21,1,current_timestamp,NULL),
(1634, 'CHILCHOTLA ', 21,1,current_timestamp,NULL),
(1635, 'CHINANTLA ', 21,1,current_timestamp,NULL),
(1636, 'DOMINGO ARENAS ', 21,1,current_timestamp,NULL),
(1637, 'ELOXOCHITLÁN ', 21,1,current_timestamp,NULL),
(1638, 'EPATLÁN ', 21,1,current_timestamp,NULL),
(1639, 'ESPERANZA ', 21,1,current_timestamp,NULL),
(1640, 'FRANCISCO Z. MENA ', 21,1,current_timestamp,NULL),
(1641, 'GENERAL FELIPE ANGELES ', 21,1,current_timestamp,NULL),
(1642, 'GUADALUPE ', 21,1,current_timestamp,NULL),
(1643, 'GUADALUPE VICTORIA ', 21,1,current_timestamp,NULL),
(1644, 'HERMENEGILDO GALEANA ', 21,1,current_timestamp,NULL),
(1645, 'HUAQUECHULA ', 21,1,current_timestamp,NULL),
(1646, 'HUATLATLAUCA ', 21,1,current_timestamp,NULL),
(1647, 'HUAUCHINANGO ', 21,1,current_timestamp,NULL),
(1648, 'HUEHUETLA ', 21,1,current_timestamp,NULL),
(1649, 'HUEHUETLÁN EL CHICO ', 21,1,current_timestamp,NULL),
(1650, 'HUEJOTZINGO ', 21,1,current_timestamp,NULL),
(1651, 'HUEYAPAN ', 21,1,current_timestamp,NULL),
(1652, 'HUEYTAMALCO ', 21,1,current_timestamp,NULL),
(1653, 'HUEYTLALPAN ', 21,1,current_timestamp,NULL),
(1654, 'HUITZILAN DE SERDÁN ', 21,1,current_timestamp,NULL),
(1655, 'HUITZILTEPEC ', 21,1,current_timestamp,NULL),
(1656, 'ATLEQUIZAYAN ', 21,1,current_timestamp,NULL),
(1657, 'IXCAMILPA DE GUERRERO ', 21,1,current_timestamp,NULL),
(1658, 'IXCAQUIXTLA ', 21,1,current_timestamp,NULL),
(1659, 'IXTACAMAXTITLÁN ', 21,1,current_timestamp,NULL),
(1660, 'IXTEPEC ', 21,1,current_timestamp,NULL),
(1661, 'IZÚCAR DE MATAMOROS ', 21,1,current_timestamp,NULL),
(1662, 'JALPAN ', 21,1,current_timestamp,NULL),
(1663, 'JOLALPAN ', 21,1,current_timestamp,NULL),
(1664, 'JONOTLA ', 21,1,current_timestamp,NULL),
(1665, 'JOPALA ', 21,1,current_timestamp,NULL),
(1666, 'JUAN C. BONILLA ', 21,1,current_timestamp,NULL),
(1667, 'JUAN GALINDO ', 21,1,current_timestamp,NULL),
(1668, 'JUAN N. MÉNDEZ ', 21,1,current_timestamp,NULL),
(1669, 'LAFRAGUA ', 21,1,current_timestamp,NULL),
(1670, 'LIBRES ', 21,1,current_timestamp,NULL),
(1671, 'MAGDALENA TLATLAUQUITEPEC, LA ', 21,1,current_timestamp,NULL),
(1672, 'MAZAPILTEPEC DE JUÁREZ ', 21,1,current_timestamp,NULL),
(1673, 'MIXTLA ', 21,1,current_timestamp,NULL),
(1674, 'MOLCAXAC ', 21,1,current_timestamp,NULL),
(1675, 'MORELOS CAÑADA ', 21,1,current_timestamp,NULL),
(1676, 'NAUPAN ', 21,1,current_timestamp,NULL),
(1677, 'NAUZONTLA ', 21,1,current_timestamp,NULL),
(1678, 'NEALTICAN ', 21,1,current_timestamp,NULL),
(1679, 'NICOLÁS BRAVO ', 21,1,current_timestamp,NULL),
(1680, 'NOPALUCAN ', 21,1,current_timestamp,NULL),
(1681, 'OCOTEPEC ', 21,1,current_timestamp,NULL),
(1682, 'OCOYUCAN ', 21,1,current_timestamp,NULL),
(1683, 'OLINTLA ', 21,1,current_timestamp,NULL),
(1684, 'ORIENTAL ', 21,1,current_timestamp,NULL),
(1685, 'PAHUATLÁN ', 21,1,current_timestamp,NULL),
(1686, 'PALMAR DE BRAVO ', 21,1,current_timestamp,NULL),
(1687, 'PANTEPEC ', 21,1,current_timestamp,NULL),
(1688, 'PETLALCINGO ', 21,1,current_timestamp,NULL),
(1689, 'PIAXTLA ', 21,1,current_timestamp,NULL),
(1690, 'PUEBLA ', 21,1,current_timestamp,NULL),
(1691, 'QUECHOLAC ', 21,1,current_timestamp,NULL),
(1692, 'QUIMIXTLÁN ', 21,1,current_timestamp,NULL),
(1693, 'RAFAEL LARA GRAJALES ', 21,1,current_timestamp,NULL),
(1694, 'REYES DE JUÁREZ, LOS ', 21,1,current_timestamp,NULL),
(1695, 'SAN ANDRÉS CHOLULA ', 21,1,current_timestamp,NULL),
(1696, 'SAN ANTONIO CAÑADA ', 21,1,current_timestamp,NULL),
(1697, 'SAN DIEGO LA MEZA TOCHIMILTZINGO ', 21,1,current_timestamp,NULL),
(1698, 'SAN FELIPE TEOTLALCINGO ', 21,1,current_timestamp,NULL),
(1699, 'SAN FELIPE TEPATLÁN ', 21,1,current_timestamp,NULL),
(1700, 'SAN GABRIEL CHILAC ', 21,1,current_timestamp,NULL),
(1701, 'SAN GREGORIO ATZOMPA ', 21,1,current_timestamp,NULL),
(1702, 'SAN JERÓNIMO TECUANIPAN ', 21,1,current_timestamp,NULL),
(1703, 'SAN JERÓNIMO XAYACATLÁN ', 21,1,current_timestamp,NULL),
(1704, 'SAN JOSÉ CHIAPA ', 21,1,current_timestamp,NULL),
(1705, 'SAN JOSÉ MIAHUATLÁN ', 21,1,current_timestamp,NULL),
(1706, 'SAN JUAN ATENCO ', 21,1,current_timestamp,NULL),
(1707, 'SAN JUAN ATZOMPA ', 21,1,current_timestamp,NULL),
(1708, 'SAN MARTÍN TEXMELUCAN ', 21,1,current_timestamp,NULL),
(1709, 'SAN MARTÍN TOTOLTEPEC ', 21,1,current_timestamp,NULL),
(1710, 'SAN MATÍAS TLALANCALECA ', 21,1,current_timestamp,NULL),
(1711, 'SAN MIGUEL IXITLÁN ', 21,1,current_timestamp,NULL),
(1712, 'SAN MIGUEL XOXTLA ', 21,1,current_timestamp,NULL),
(1713, 'SAN NICOLÁS BUENOS AIRES ', 21,1,current_timestamp,NULL),
(1714, 'SAN NICOLÁS DE LOS RANCHOS ', 21,1,current_timestamp,NULL),
(1715, 'SAN PABLO ANICANO ', 21,1,current_timestamp,NULL),
(1716, 'SAN PEDRO CHOLULA ', 21,1,current_timestamp,NULL),
(1717, 'SAN PEDRO YELOIXTLAHUACA ', 21,1,current_timestamp,NULL),
(1718, 'SAN SALVADOR EL SECO ', 21,1,current_timestamp,NULL),
(1719, 'SAN SALVADOR EL VERDE ', 21,1,current_timestamp,NULL),
(1720, 'SAN SALVADOR HUIXCOLOTLA ', 21,1,current_timestamp,NULL),
(1721, 'SAN SEBASTIÁN TLACOTEPEC ', 21,1,current_timestamp,NULL),
(1722, 'SANTA CATARINA TLALTEMPAN ', 21,1,current_timestamp,NULL),
(1723, 'SANTA INÉS AHUATEMPAN', 21,1,current_timestamp,NULL),
(1724, 'SANTA ISABEL CHOLULA', 21,1,current_timestamp,NULL),
(1725, 'SANTIAGO MIAHUATLÁN', 21,1,current_timestamp,NULL),
(1726, 'HUEHUETLÁN EL GRANDE', 21,1,current_timestamp,NULL),
(1727, 'SANTO TOMÁS HUEYOTLIPAN', 21,1,current_timestamp,NULL),
(1728, 'SOLTEPEC', 21,1,current_timestamp,NULL),
(1729, 'TECALI DE HERRERA', 21,1,current_timestamp,NULL),
(1730, 'TECAMACHALCO', 21,1,current_timestamp,NULL),
(1731, 'TECOMATLÁN', 21,1,current_timestamp,NULL),
(1732, 'TEHUACÁN', 21,1,current_timestamp,NULL),
(1733, 'TEHUITZINGO', 21,1,current_timestamp,NULL),
(1734, 'TENAMPULCO', 21,1,current_timestamp,NULL),
(1735, 'TEOPANTLÁN', 21,1,current_timestamp,NULL),
(1736, 'TEOTLALCO', 21,1,current_timestamp,NULL),
(1737, 'TEPANCO DE LÓPEZ', 21,1,current_timestamp,NULL),
(1738, 'TEPANGO DE RODRÍGUEZ', 21,1,current_timestamp,NULL),
(1739, 'TEPATLAXCO DE HIDALGO', 21,1,current_timestamp,NULL),
(1740, 'TEPEACA', 21,1,current_timestamp,NULL),
(1741, 'TEPEMAXALCO', 21,1,current_timestamp,NULL),
(1742, 'TEPEOJUMA', 21,1,current_timestamp,NULL),
(1743, 'TEPETZINTLA', 21,1,current_timestamp,NULL),
(1744, 'TEPEXCO', 21,1,current_timestamp,NULL),
(1745, 'TEPEXI DE RODRÍGUEZ', 21,1,current_timestamp,NULL),
(1746, 'TEPEYAHUALCO', 21,1,current_timestamp,NULL),
(1747, 'TEPEYAHUALCO DE CUAUHTÉMOC', 21,1,current_timestamp,NULL),
(1748, 'TETELA DE OCAMPO', 21,1,current_timestamp,NULL),
(1749, 'TETELES DE ÁVILA CASTILLO', 21,1,current_timestamp,NULL),
(1750, 'TEZIUTLÁN', 21,1,current_timestamp,NULL),
(1751, 'TIANGUISMANALCO', 21,1,current_timestamp,NULL),
(1752, 'TILAPA', 21,1,current_timestamp,NULL),
(1753, 'TLACOTEPEC DE BENITO JUÁREZ', 21,1,current_timestamp,NULL),
(1754, 'TLACUILOTEPEC', 21,1,current_timestamp,NULL),
(1755, 'TLACHICHUCA', 21,1,current_timestamp,NULL),
(1756, 'TLAHUAPAN', 21,1,current_timestamp,NULL),
(1757, 'TLALTENANGO', 21,1,current_timestamp,NULL),
(1758, 'TLANEPANTLA', 21,1,current_timestamp,NULL),
(1759, 'TLAOLA', 21,1,current_timestamp,NULL),
(1760, 'TLAPACOYA', 21,1,current_timestamp,NULL),
(1761, 'TLAPANALÁ', 21,1,current_timestamp,NULL),
(1762, 'TLATLAUQUITEPEC', 21,1,current_timestamp,NULL),
(1763, 'TLAXCO', 21,1,current_timestamp,NULL),
(1764, 'TOCHIMILCO', 21,1,current_timestamp,NULL),
(1765, 'TOCHTEPEC', 21,1,current_timestamp,NULL),
(1766, 'TOTOLTEPEC DE GUERRERO', 21,1,current_timestamp,NULL),
(1767, 'TULCINGO', 21,1,current_timestamp,NULL),
(1768, 'TUZAMAPAN DE GALEANA', 21,1,current_timestamp,NULL),
(1769, 'TZICATLACOYAN', 21,1,current_timestamp,NULL),
(1770, 'VENUSTIANO CARRANZA', 21,1,current_timestamp,NULL),
(1771, 'VICENTE GUERRERO', 21,1,current_timestamp,NULL),
(1772, 'XAYACATLÁN DE BRAVO', 21,1,current_timestamp,NULL),
(1773, 'XICOTEPEC', 21,1,current_timestamp,NULL),
(1774, 'XICOTLÁN', 21,1,current_timestamp,NULL),
(1775, 'XIUTETELCO', 21,1,current_timestamp,NULL),
(1776, 'XOCHIAPULCO', 21,1,current_timestamp,NULL),
(1777, 'XOCHILTEPEC', 21,1,current_timestamp,NULL),
(1778, 'XOCHITLÁN DE VICENTE SUÁREZ', 21,1,current_timestamp,NULL),
(1779, 'XOCHITLÁN TODOS SANTOS', 21,1,current_timestamp,NULL),
(1780, 'YAONÁHUAC', 21,1,current_timestamp,NULL),
(1781, 'YEHUALTEPEC', 21,1,current_timestamp,NULL),
(1782, 'ZACAPALA', 21,1,current_timestamp,NULL),
(1783, 'ZACAPOAXTLA', 21,1,current_timestamp,NULL),
(1784, 'ZACATLÁN', 21,1,current_timestamp,NULL),
(1785, 'ZAPOTITLÁN', 21,1,current_timestamp,NULL),
(1786, 'ZAPOTITLÁN DE MÉNDEZ', 21,1,current_timestamp,NULL),
(1787, 'ZARAGOZA', 21,1,current_timestamp,NULL),
(1788, 'ZAUTLA', 21,1,current_timestamp,NULL),
(1789, 'ZIHUATEUTLA', 21,1,current_timestamp,NULL),
(1790, 'ZINACATEPEC', 21,1,current_timestamp,NULL),
(1791, 'ZONGOZOTLA', 21,1,current_timestamp,NULL),
(1792, 'ZOQUIAPAN', 21,1,current_timestamp,NULL),
(1793, 'ZOQUITLÁN', 21,1,current_timestamp,NULL),
(1794, 'AMEALCO DE BONFIL ', 22,1,current_timestamp,NULL),
(1795, 'ARROYO SECO ', 22,1,current_timestamp,NULL),
(1796, 'CADEREYTA DE MONTES ', 22,1,current_timestamp,NULL),
(1797, 'COLÓN ', 22,1,current_timestamp,NULL),
(1798, 'CORREGIDORA ', 22,1,current_timestamp,NULL),
(1799, 'EL MARQUÉS', 22,1,current_timestamp,NULL),
(1800, 'EZEQUIEL MONTES ', 22,1,current_timestamp,NULL),
(1801, 'HUIMILPAN ', 22,1,current_timestamp,NULL),
(1802, 'JALPAN DE SERRA ', 22,1,current_timestamp,NULL),
(1803, 'LANDA DE MATAMOROS ', 22,1,current_timestamp,NULL),
(1804, 'PEDRO ESCOBEDO', 22,1,current_timestamp,NULL),
(1805, 'PEÑAMILLER', 22,1,current_timestamp,NULL),
(1806, 'PINAL DE AMOLES', 22,1,current_timestamp,NULL),
(1807, 'QUERÉTARO', 22,1,current_timestamp,NULL),
(1808, 'SAN JOAQUÍN', 22,1,current_timestamp,NULL),
(1809, 'SAN JUAN DEL RÍO', 22,1,current_timestamp,NULL),
(1810, 'TEQUISQUIAPAN', 22,1,current_timestamp,NULL),
(1811, 'TOLIMÁN', 22,1,current_timestamp,NULL),
(1812, 'COZUMEL ', 23,1,current_timestamp,NULL),
(1813, 'FELIPE CARRILLO PUERTO ', 23,1,current_timestamp,NULL),
(1814, 'ISLA MUJERES ', 23,1,current_timestamp,NULL),
(1815, 'OTHÓN P. BLANCO ', 23,1,current_timestamp,NULL),
(1816, 'BENITO JUÁREZ', 23,1,current_timestamp,NULL),
(1817, 'JOSÉ MARÍA MORELOS', 23,1,current_timestamp,NULL),
(1818, 'LÁZARO CÁRDENAS', 23,1,current_timestamp,NULL),
(1819, 'SOLIDARIDAD', 23,1,current_timestamp,NULL),
(1871, 'CÁRDENAS ', 24,1,current_timestamp,NULL),
(1870, 'AXTLA DE TERRAZAS ', 24,1,current_timestamp,NULL),
(1869, 'ARMADILLO DE LOS INFANTE ', 24,1,current_timestamp,NULL),
(1868, 'AQUISMÓN ', 24,1,current_timestamp,NULL),
(1867, 'ALAQUINES ', 24,1,current_timestamp,NULL),
(1866, 'AHUALULCO  ', 24,1,current_timestamp,NULL),
(1886, 'MATLAPA ', 24,1,current_timestamp,NULL),
(1885, 'MATEHUALA ', 24,1,current_timestamp,NULL),
(1884, 'LAGUNILLAS ', 24,1,current_timestamp,NULL),
(1883, 'HUEHUETLÁN ', 24,1,current_timestamp,NULL),
(1882, 'GUADALCÁZAR ', 24,1,current_timestamp,NULL),
(1881, 'ÉBANO  ', 24,1,current_timestamp,NULL),
(1880, 'CHARCAS ', 24,1,current_timestamp,NULL),
(1879, 'COXCATLÁN ', 24,1,current_timestamp,NULL),
(1878, 'CIUDAD VALLES ', 24,1,current_timestamp,NULL),
(1877, 'CIUDAD FERNÁNDEZ ', 24,1,current_timestamp,NULL),
(1876, 'CIUDAD DEL MAÍZ ', 24,1,current_timestamp,NULL),
(1875, 'CERRO DE SAN PEDRO ', 24,1,current_timestamp,NULL),
(1874, 'CERRITOS ', 24,1,current_timestamp,NULL),
(1873, 'CEDRAL ', 24,1,current_timestamp,NULL),
(1872, 'CATORCE ', 24,1,current_timestamp,NULL),
(1887, 'MEXQUITIC DE CARMONA ', 24,1,current_timestamp,NULL),
(1888, 'MOCTEZUMA ', 24,1,current_timestamp,NULL),
(1889, 'EL NARANJO ', 24,1,current_timestamp,NULL),
(1890, 'RAYÓN ', 24,1,current_timestamp,NULL),
(1891, 'RIOVERDE ', 24,1,current_timestamp,NULL),
(1892, 'SALINAS ', 24,1,current_timestamp,NULL),
(1893, 'SAN ANTONIO ', 24,1,current_timestamp,NULL),
(1894, 'SAN CIRO DE ACOSTA ', 24,1,current_timestamp,NULL),
(1895, 'SAN LUIS POTOSÍ ', 24,1,current_timestamp,NULL),
(1896, 'SAN MARTÍN CHALCHICUAUTLA  ', 24,1,current_timestamp,NULL),
(1897, 'SAN NICOLÁS TOLENTINO ', 24,1,current_timestamp,NULL),
(1898, 'SAN VICENTE TANCUAYALAB ', 24,1,current_timestamp,NULL),
(1899, 'SANTA CATARINA ', 24,1,current_timestamp,NULL),
(1900, 'SANTA MARÍA DEL RÍO ', 24,1,current_timestamp,NULL),
(1901, 'SANTO DOMINGO ', 24,1,current_timestamp,NULL),
(1902, 'SOLEDAD DE GRACIANO SÁNCHEZ ', 24,1,current_timestamp,NULL),
(1903, 'TAMASOPO ', 24,1,current_timestamp,NULL),
(1904, 'TAMAZUNCHALE ', 24,1,current_timestamp,NULL),
(1905, 'TAMPACÁN ', 24,1,current_timestamp,NULL),
(1906, 'TAMPAMOLÓN CORONA ', 24,1,current_timestamp,NULL),
(1907, 'TAMUÍN ', 24,1,current_timestamp,NULL),
(1908, 'TANCANHUITZ DE SANTOS ', 24,1,current_timestamp,NULL),
(1909, 'TANLAJÁS ', 24,1,current_timestamp,NULL),
(1910, 'TANQUIÁN DE ESCOBEDO', 24,1,current_timestamp,NULL),
(1911, 'TIERRANUEVA', 24,1,current_timestamp,NULL),
(1912, 'VANEGAS', 24,1,current_timestamp,NULL),
(1913, 'VENADO', 24,1,current_timestamp,NULL),
(1914, 'VILLA DE ARISTA', 24,1,current_timestamp,NULL),
(1915, 'VILLA DE ARRIAGA', 24,1,current_timestamp,NULL),
(1916, 'VILLA DE GUADALUPE', 24,1,current_timestamp,NULL),
(1917, 'VILLA DE LA PAZ', 24,1,current_timestamp,NULL),
(1918, 'VILLA DE RAMOS', 24,1,current_timestamp,NULL),
(1919, 'VILLA DE REYES', 24,1,current_timestamp,NULL),
(1920, 'VILLA HIDALGO', 24,1,current_timestamp,NULL),
(1921, 'VILLA JUÁREZ', 24,1,current_timestamp,NULL),
(1922, 'XILITLA', 24,1,current_timestamp,NULL),
(1923, 'ZARAGOZA', 24,1,current_timestamp,NULL),
(1946, 'ESCUINAPA ', 25,1,current_timestamp,NULL),
(1945, 'ELOTA ', 25,1,current_timestamp,NULL),
(1944, 'CHOIX ', 25,1,current_timestamp,NULL),
(1943, 'CULIACÁN ', 25,1,current_timestamp,NULL),
(1942, 'COSALÁ ', 25,1,current_timestamp,NULL),
(1941, 'CONCORDIA ', 25,1,current_timestamp,NULL),
(1940, 'BADIRAGUATO ', 25,1,current_timestamp,NULL),
(1939, 'ANGOSTURA ', 25,1,current_timestamp,NULL),
(1938, 'AHOME ', 25,1,current_timestamp,NULL),
(1947, 'FUERTE, EL', 25,1,current_timestamp,NULL),
(1948, 'GUASAVE', 25,1,current_timestamp,NULL),
(1949, 'MAZATLÁN', 25,1,current_timestamp,NULL),
(1950, 'MOCORITO', 25,1,current_timestamp,NULL),
(1951, 'NAVOLATO', 25,1,current_timestamp,NULL),
(1952, 'ROSARIO', 25,1,current_timestamp,NULL),
(1953, 'SALVADOR ALVARADO', 25,1,current_timestamp,NULL),
(1954, 'SAN IGNACIO', 25,1,current_timestamp,NULL),
(1955, 'SINALOA', 25,1,current_timestamp,NULL),
(2026, 'Caborca ', 26,1,current_timestamp,NULL),
(2025, 'Benjamín Hill ', 26,1,current_timestamp,NULL),
(2024, 'Bavispe ', 26,1,current_timestamp,NULL),
(2023, 'Baviácora ', 26,1,current_timestamp,NULL),
(2022, 'Banámichi ', 26,1,current_timestamp,NULL),
(2021, 'Bácum ', 26,1,current_timestamp,NULL),
(2020, 'Bacoachi ', 26,1,current_timestamp,NULL),
(2019, 'Bacerac ', 26,1,current_timestamp,NULL),
(2018, 'Bacanora ', 26,1,current_timestamp,NULL),
(2017, 'Bacadéhuachi ', 26,1,current_timestamp,NULL),
(2016, 'Atil ', 26,1,current_timestamp,NULL),
(2015, 'Arizpe ', 26,1,current_timestamp,NULL),
(2014, 'Arivechi ', 26,1,current_timestamp,NULL),
(2013, 'Altar ', 26,1,current_timestamp,NULL),
(2012, 'Alamos ', 26,1,current_timestamp,NULL),
(2011, 'Agua Prieta ', 26,1,current_timestamp,NULL),
(2010, 'Aconchi ', 26,1,current_timestamp,NULL),
(2040, 'Huachinera ', 26,1,current_timestamp,NULL),
(2039, 'Hermosillo ', 26,1,current_timestamp,NULL),
(2038, 'Guaymas ', 26,1,current_timestamp,NULL),
(2037, 'Granados ', 26,1,current_timestamp,NULL),
(2036, 'Fronteras ', 26,1,current_timestamp,NULL),
(2035, 'Etchojoa ', 26,1,current_timestamp,NULL),
(2034, 'Empalme ', 26,1,current_timestamp,NULL),
(2033, 'Divisaderos ', 26,1,current_timestamp,NULL),
(2032, 'Cumpas ', 26,1,current_timestamp,NULL),
(2031, 'Cucurpe ', 26,1,current_timestamp,NULL),
(2030, 'La Colorada ', 26,1,current_timestamp,NULL),
(2029, 'Carbó ', 26,1,current_timestamp,NULL),
(2028, 'Cananea ', 26,1,current_timestamp,NULL),
(2027, 'Cajeme ', 26,1,current_timestamp,NULL),
(2041, 'Huásabas ', 26,1,current_timestamp,NULL),
(2042, 'Huatabampo ', 26,1,current_timestamp,NULL),
(2043, 'Huépac ', 26,1,current_timestamp,NULL),
(2044, 'Imuris ', 26,1,current_timestamp,NULL),
(2045, 'Magdalena ', 26,1,current_timestamp,NULL),
(2046, 'Mazatán ', 26,1,current_timestamp,NULL),
(2047, 'Moctezuma ', 26,1,current_timestamp,NULL),
(2048, 'Naco ', 26,1,current_timestamp,NULL),
(2049, 'Nácori Chico ', 26,1,current_timestamp,NULL),
(2050, 'Nacozari de García ', 26,1,current_timestamp,NULL),
(2051, 'Navojoa ', 26,1,current_timestamp,NULL),
(2052, 'Nogales ', 26,1,current_timestamp,NULL),
(2053, 'Onavas ', 26,1,current_timestamp,NULL),
(2054, 'Opodepe ', 26,1,current_timestamp,NULL),
(2055, 'Oquitoa ', 26,1,current_timestamp,NULL),
(2056, 'Pitiquito ', 26,1,current_timestamp,NULL),
(2057, 'Puerto Peñasco ', 26,1,current_timestamp,NULL),
(2058, 'Quiriego', 26,1,current_timestamp,NULL),
(2059, 'Rayón', 26,1,current_timestamp,NULL),
(2060, 'Rosario', 26,1,current_timestamp,NULL),
(2061, 'Sahuaripa', 26,1,current_timestamp,NULL),
(2062, 'San Felipe de Jesús', 26,1,current_timestamp,NULL),
(2063, 'San Javier', 26,1,current_timestamp,NULL),
(2064, 'San Luis Río Colorado', 26,1,current_timestamp,NULL),
(2065, 'San Miguel de Horcasitas', 26,1,current_timestamp,NULL),
(2066, 'San Pedro de la Cueva', 26,1,current_timestamp,NULL),
(2067, 'Santa Ana', 26,1,current_timestamp,NULL),
(2068, 'Santa Cruz', 26,1,current_timestamp,NULL),
(2069, 'Sáric', 26,1,current_timestamp,NULL),
(2070, 'Soyopa', 26,1,current_timestamp,NULL),
(2071, 'Suaqui Grande', 26,1,current_timestamp,NULL),
(2072, 'Tepachi', 26,1,current_timestamp,NULL),
(2073, 'Trincheras', 26,1,current_timestamp,NULL),
(2074, 'Tubutama', 26,1,current_timestamp,NULL),
(2075, 'Ures', 26,1,current_timestamp,NULL),
(2076, 'Villa Hidalgo', 26,1,current_timestamp,NULL),
(2077, 'Villa Pesqueira', 26,1,current_timestamp,NULL),
(2078, 'Yécora', 26,1,current_timestamp,NULL),
(2079, 'Plutarco Elías Calles', 26,1,current_timestamp,NULL),
(2080, 'Benito Juárez', 26,1,current_timestamp,NULL),
(2081, 'San Ignacio Río Muerto', 26,1,current_timestamp,NULL),
(2082, 'BALANCÁN ', 27,1,current_timestamp,NULL),
(2083, 'CÁRDENAS ', 27,1,current_timestamp,NULL),
(2084, 'CENTLA ', 27,1,current_timestamp,NULL),
(2085, 'CENTRO ', 27,1,current_timestamp,NULL),
(2086, 'COMALCALCO ', 27,1,current_timestamp,NULL),
(2087, 'CUNDUACÁN ', 27,1,current_timestamp,NULL),
(2088, 'EMILIANO ZAPATA ', 27,1,current_timestamp,NULL),
(2089, 'HUIMANGUILLO ', 27,1,current_timestamp,NULL),
(2090, 'JALAPA ', 27,1,current_timestamp,NULL),
(2091, 'JALPA DE MÉNDEZ', 27,1,current_timestamp,NULL),
(2092, 'JONUTA', 27,1,current_timestamp,NULL),
(2093, 'MACUSPANA', 27,1,current_timestamp,NULL),
(2094, 'NACAJUCA', 27,1,current_timestamp,NULL),
(2095, 'PARAÍSO', 27,1,current_timestamp,NULL),
(2096, 'TACOTALPA', 27,1,current_timestamp,NULL),
(2097, 'TEAPA', 27,1,current_timestamp,NULL),
(2098, 'TENOSIQUE', 27,1,current_timestamp,NULL),
(2099, 'Abasolo ', 28,1,current_timestamp,NULL),
(2100, 'Aldama ', 28,1,current_timestamp,NULL),
(2101, 'Altamira ', 28,1,current_timestamp,NULL),
(2102, 'Antiguo Morelos ', 28,1,current_timestamp,NULL),
(2103, 'Burgos ', 28,1,current_timestamp,NULL),
(2104, 'Bustamante ', 28,1,current_timestamp,NULL),
(2105, 'Camargo ', 28,1,current_timestamp,NULL),
(2106, 'Casas ', 28,1,current_timestamp,NULL),
(2107, 'Ciudad Madero ', 28,1,current_timestamp,NULL),
(2108, 'Cruillas ', 28,1,current_timestamp,NULL),
(2109, 'Gómez Farías ', 28,1,current_timestamp,NULL),
(2110, 'González ', 28,1,current_timestamp,NULL),
(2111, 'Guémez ', 28,1,current_timestamp,NULL),
(2112, 'Guerrero ', 28,1,current_timestamp,NULL),
(2113, 'Gustavo Díaz Ordaz ', 28,1,current_timestamp,NULL),
(2114, 'Hidalgo ', 28,1,current_timestamp,NULL),
(2115, 'Jaumave ', 28,1,current_timestamp,NULL),
(2116, 'Jiménez ', 28,1,current_timestamp,NULL),
(2117, 'Llera ', 28,1,current_timestamp,NULL),
(2118, 'Mainero ', 28,1,current_timestamp,NULL),
(2119, 'El Mante ', 28,1,current_timestamp,NULL),
(2120, 'Matamoros ', 28,1,current_timestamp,NULL),
(2121, 'Méndez ', 28,1,current_timestamp,NULL),
(2122, 'Mier ', 28,1,current_timestamp,NULL),
(2123, 'Miguel Alemán ', 28,1,current_timestamp,NULL),
(2124, 'Miquihuana ', 28,1,current_timestamp,NULL),
(2125, 'Nuevo Laredo ', 28,1,current_timestamp,NULL),
(2126, 'Nuevo Morelos ', 28,1,current_timestamp,NULL),
(2127, 'Ocampo ', 28,1,current_timestamp,NULL),
(2128, 'Padilla ', 28,1,current_timestamp,NULL),
(2129, 'Palmillas ', 28,1,current_timestamp,NULL),
(2130, 'Reynosa ', 28,1,current_timestamp,NULL),
(2131, 'Río Bravo ', 28,1,current_timestamp,NULL),
(2132, 'San Carlos', 28,1,current_timestamp,NULL),
(2133, 'San Fernando', 28,1,current_timestamp,NULL),
(2134, 'San Nicolás', 28,1,current_timestamp,NULL),
(2135, 'Soto la Marina', 28,1,current_timestamp,NULL),
(2136, 'Tampico', 28,1,current_timestamp,NULL),
(2137, 'Tula', 28,1,current_timestamp,NULL),
(2138, 'Valle Hermoso', 28,1,current_timestamp,NULL),
(2139, 'Victoria', 28,1,current_timestamp,NULL),
(2140, 'Villagrán', 28,1,current_timestamp,NULL),
(2141, 'Xicoténcatl', 28,1,current_timestamp,NULL),
(2142, 'AMAXAC DE GUERRERO', 29,1,current_timestamp,NULL),
(2143, 'TETLA DE LA SOLIDARIDAD', 29,1,current_timestamp,NULL),
(2144, 'APETATITLÁN DE ANTONIO CARVAJAL', 29,1,current_timestamp,NULL),
(2145, 'TETLATLAHUCA', 29,1,current_timestamp,NULL),
(2146, 'ATLANGATEPEC', 29,1,current_timestamp,NULL),
(2147, 'TLAXCALA', 29,1,current_timestamp,NULL),
(2148, 'ALTZAYANCA', 29,1,current_timestamp,NULL),
(2149, 'TLAXCO', 29,1,current_timestamp,NULL),
(2150, 'APIZACO', 29,1,current_timestamp,NULL),
(2151, 'TOCATLÁN', 29,1,current_timestamp,NULL),
(2152, 'CALPULALPAN', 29,1,current_timestamp,NULL),
(2153, 'TOTOLAC', 29,1,current_timestamp,NULL),
(2154, 'EL CARMEN TEQUEXQUITLA', 29,1,current_timestamp,NULL),
(2155, 'ZITLALTEPEC DE TRINIDAD SÁNCHEZ SANTOS', 29,1,current_timestamp,NULL),
(2156, 'CUAPIAXTLA', 29,1,current_timestamp,NULL),
(2157, 'TZOMPANTEPEC', 29,1,current_timestamp,NULL),
(2158, 'CUAXOMULCO', 29,1,current_timestamp,NULL),
(2159, 'XALOSTOC', 29,1,current_timestamp,NULL),
(2160, 'CHIAUTEMPAN', 29,1,current_timestamp,NULL),
(2161, 'XALTOCAN', 29,1,current_timestamp,NULL),
(2162, 'MUÑOZ DE DOMINGO ARENAS', 29,1,current_timestamp,NULL),
(2163, 'PAPALOTLA DE XICOHTÉNCATL', 29,1,current_timestamp,NULL),
(2164, 'ESPAÑITA', 29,1,current_timestamp,NULL),
(2165, 'XICOHTZINCO', 29,1,current_timestamp,NULL),
(2166, 'HUAMANTLA', 29,1,current_timestamp,NULL),
(2167, 'YAUHQUEMECAN', 29,1,current_timestamp,NULL),
(2168, 'HUEYOTLIPAN', 29,1,current_timestamp,NULL),
(2169, 'ZACATELCO', 29,1,current_timestamp,NULL),
(2170, 'IXTACUIXTLA DE MARIANO MATAMOROS', 29,1,current_timestamp,NULL),
(2171, 'BENITO JUÁREZ', 29,1,current_timestamp,NULL),
(2172, 'IXTENCO', 29,1,current_timestamp,NULL),
(2173, 'EMILIANO ZAPATA', 29,1,current_timestamp,NULL),
(2174, 'MAZATECOCHCO DE JOSÉ MARÍA MORELOS', 29,1,current_timestamp,NULL),
(2175, 'LÁZARO CÁRDENAS', 29,1,current_timestamp,NULL),
(2176, 'CONTLA DE  JUAN CUAMATZI', 29,1,current_timestamp,NULL),
(2177, 'LA MAGDALENA TLALTELULCO', 29,1,current_timestamp,NULL),
(2178, 'TEPETITLA DE LARDIZÁBAL', 29,1,current_timestamp,NULL),
(2179, 'SAN DAMIÁN TEXOLOC', 29,1,current_timestamp,NULL),
(2180, 'SANCTORUM DE LÁZARO CÁRDENAS', 29,1,current_timestamp,NULL),
(2181, 'SAN FRANCISCO TETLANOHCAN', 29,1,current_timestamp,NULL),
(2182, 'NANACAMILPA DE MARIANO ARISTA', 29,1,current_timestamp,NULL),
(2183, 'SAN JERÓNIMO ZACUALPAN', 29,1,current_timestamp,NULL),
(2184, 'ACUAMANALA DE MIGUEL HIDALGO', 29,1,current_timestamp,NULL),
(2185, 'SAN JOSÉ  TEACALCO', 29,1,current_timestamp,NULL),
(2186, 'NATIVITAS', 29,1,current_timestamp,NULL),
(2187, 'SAN JUAN HUACTZINCO', 29,1,current_timestamp,NULL),
(2188, 'PANOTLA', 29,1,current_timestamp,NULL),
(2189, 'SAN LORENZO AXOCOMANITLA', 29,1,current_timestamp,NULL),
(2190, 'SAN PABLO DEL MONTE', 29,1,current_timestamp,NULL),
(2191, 'SAN LUCAS TECOPILCO', 29,1,current_timestamp,NULL),
(2192, 'SANTA CRUZ TLAXCALA', 29,1,current_timestamp,NULL),
(2193, 'SANTA ANA NOPALUCAN', 29,1,current_timestamp,NULL),
(2194, 'TENANCINGO', 29,1,current_timestamp,NULL),
(2195, 'SANTA APOLONIA TEACALCO', 29,1,current_timestamp,NULL),
(2196, 'TEOLOCHOLCO', 29,1,current_timestamp,NULL),
(2197, 'SANTA CATARINA AYOMETLA', 29,1,current_timestamp,NULL),
(2198, 'TEPEYANCO', 29,1,current_timestamp,NULL),
(2199, 'SANTA CRUZ QUILEHTLA', 29,1,current_timestamp,NULL),
(2200, 'TERRENATE', 29,1,current_timestamp,NULL),
(2201, 'SANTA ISABEL XILOXOXTLA', 29,1,current_timestamp,NULL),
(2202, 'ACAJETE  ', 30,1,current_timestamp,NULL),
(2203, 'ACATLÁN ', 30,1,current_timestamp,NULL),
(2204, 'ACAYUCAN ', 30,1,current_timestamp,NULL),
(2205, 'ACTOPAN ', 30,1,current_timestamp,NULL),
(2206, 'ACULA ', 30,1,current_timestamp,NULL),
(2207, 'ACULTZINGO ', 30,1,current_timestamp,NULL),
(2208, 'AGUA DULCE', 30,1,current_timestamp,NULL),
(2209, 'ALPATLÁHUAC ', 30,1,current_timestamp,NULL),
(2210, 'ALTO LUCERO DE GUTIÉRREZ BARRIOS ', 30,1,current_timestamp,NULL),
(2211, 'ALTOTONGA ', 30,1,current_timestamp,NULL),
(2212, 'ALVARADO ', 30,1,current_timestamp,NULL),
(2213, 'AMATITLÁN ', 30,1,current_timestamp,NULL),
(2214, 'AMATLÁN DE LOS REYES ', 30,1,current_timestamp,NULL),
(2215, 'ANGEL R. CABADA ', 30,1,current_timestamp,NULL),
(2216, 'ANTIGUA, LA ', 30,1,current_timestamp,NULL),
(2217, 'APAZAPAN ', 30,1,current_timestamp,NULL),
(2218, 'AQUILA ', 30,1,current_timestamp,NULL),
(2219, 'ASTACINGA ', 30,1,current_timestamp,NULL),
(2220, 'ATLAHUILCO ', 30,1,current_timestamp,NULL),
(2221, 'ATOYAC ', 30,1,current_timestamp,NULL),
(2222, 'ATZACAN ', 30,1,current_timestamp,NULL),
(2223, 'ATZALAN ', 30,1,current_timestamp,NULL),
(2224, 'AYAHUALULCO ', 30,1,current_timestamp,NULL),
(2225, 'BANDERILLA ', 30,1,current_timestamp,NULL),
(2226, 'BENITO JUÁREZ ', 30,1,current_timestamp,NULL),
(2227, 'BOCA DEL RÍO ', 30,1,current_timestamp,NULL),
(2228, 'CALCAHUALCO ', 30,1,current_timestamp,NULL),
(2229, 'CAMARÓN DE TEJEDA ', 30,1,current_timestamp,NULL),
(2230, 'CAMERINO Z. MENDOZA ', 30,1,current_timestamp,NULL),
(2231, 'CARLOS A. CARRILLO', 30,1,current_timestamp,NULL),
(2232, 'CARRILLO PUERTO ', 30,1,current_timestamp,NULL),
(2233, 'CASTILLO DE TEAYO', 30,1,current_timestamp,NULL),
(2234, 'CATEMACO ', 30,1,current_timestamp,NULL),
(2235, 'CAZONES DE HERRERA ', 30,1,current_timestamp,NULL),
(2236, 'CERRO AZUL ', 30,1,current_timestamp,NULL),
(2237, 'CHACALTIANGUIS ', 30,1,current_timestamp,NULL),
(2238, 'CHALMA ', 30,1,current_timestamp,NULL),
(2239, 'CHICONAMEL ', 30,1,current_timestamp,NULL),
(2240, 'CHICONQUIACO ', 30,1,current_timestamp,NULL),
(2241, 'CHICONTEPEC ', 30,1,current_timestamp,NULL),
(2242, 'CHINAMECA ', 30,1,current_timestamp,NULL),
(2243, 'CHINAMPA DE GOROSTIZA ', 30,1,current_timestamp,NULL),
(2244, 'CHOAPAS, LAS ', 30,1,current_timestamp,NULL),
(2245, 'CHOCAMÁN ', 30,1,current_timestamp,NULL),
(2246, 'CHONTLA ', 30,1,current_timestamp,NULL),
(2247, 'CHUMATLÁN ', 30,1,current_timestamp,NULL),
(2248, 'CITLALTÉPETL ', 30,1,current_timestamp,NULL),
(2249, 'COACOATZINTLA ', 30,1,current_timestamp,NULL),
(2250, 'COAHUITLÁN ', 30,1,current_timestamp,NULL),
(2251, 'COATEPEC ', 30,1,current_timestamp,NULL),
(2252, 'COATZACOALCOS ', 30,1,current_timestamp,NULL),
(2253, 'COATZINTLA ', 30,1,current_timestamp,NULL),
(2254, 'COETZALA ', 30,1,current_timestamp,NULL),
(2255, 'COLIPA ', 30,1,current_timestamp,NULL),
(2256, 'COMAPA ', 30,1,current_timestamp,NULL),
(2257, 'CÓRDOBA ', 30,1,current_timestamp,NULL),
(2258, 'COSAMALOAPAN ', 30,1,current_timestamp,NULL),
(2259, 'COSAUTLÁN DE CARVAJAL ', 30,1,current_timestamp,NULL),
(2260, 'COSCOMATEPEC ', 30,1,current_timestamp,NULL),
(2261, 'COSOLEACAQUE ', 30,1,current_timestamp,NULL),
(2262, 'COTAXTLA ', 30,1,current_timestamp,NULL),
(2263, 'COXQUIHUI ', 30,1,current_timestamp,NULL),
(2264, 'COYUTLA ', 30,1,current_timestamp,NULL),
(2265, 'CUICHAPA ', 30,1,current_timestamp,NULL),
(2266, 'CUITLÁHUAC ', 30,1,current_timestamp,NULL),
(2267, 'EMILIANO ZAPATA ', 30,1,current_timestamp,NULL),
(2268, 'ESPINAL ', 30,1,current_timestamp,NULL),
(2269, 'FILOMENO MATA ', 30,1,current_timestamp,NULL),
(2270, 'FORTÍN ', 30,1,current_timestamp,NULL),
(2271, 'GUTIÉRREZ ZAMORA ', 30,1,current_timestamp,NULL),
(2272, 'HIDALGOTITLÁN ', 30,1,current_timestamp,NULL),
(2273, 'HIGO, EL', 30,1,current_timestamp,NULL),
(2274, 'HUATUSCO ', 30,1,current_timestamp,NULL),
(2275, 'HUAYACOCOTLA ', 30,1,current_timestamp,NULL),
(2276, 'HUEYAPAN DE OCAMPO ', 30,1,current_timestamp,NULL),
(2277, 'HUILOAPAN DE CUAUHTÉMOC ', 30,1,current_timestamp,NULL),
(2278, 'IGNACIO DE LA LLAVE ', 30,1,current_timestamp,NULL),
(2279, 'ILAMATLÁN ', 30,1,current_timestamp,NULL),
(2280, 'ISLA ', 30,1,current_timestamp,NULL),
(2281, 'IXCATEPEC ', 30,1,current_timestamp,NULL),
(2282, 'IXHUACÁN DE LOS REYES ', 30,1,current_timestamp,NULL),
(2283, 'IXHUATLAN DE MADERO ', 30,1,current_timestamp,NULL),
(2284, 'IXHUATLÁN DEL CAFE ', 30,1,current_timestamp,NULL),
(2285, 'IXHUATLÁN DEL SURESTE ', 30,1,current_timestamp,NULL),
(2286, 'IXHUATLANCILLO ', 30,1,current_timestamp,NULL),
(2287, 'IXMATLAHUACAN ', 30,1,current_timestamp,NULL),
(2288, 'IXTACZOQUITLÁN ', 30,1,current_timestamp,NULL),
(2289, 'JALACINGO ', 30,1,current_timestamp,NULL),
(2290, 'JALCOMULCO ', 30,1,current_timestamp,NULL),
(2291, 'JÁLTIPAN ', 30,1,current_timestamp,NULL),
(2292, 'JAMAPA ', 30,1,current_timestamp,NULL),
(2293, 'JESÚS CARRANZA ', 30,1,current_timestamp,NULL),
(2294, 'JILOTEPEC ', 30,1,current_timestamp,NULL),
(2295, 'JOSÉ AZUETA', 30,1,current_timestamp,NULL),
(2296, 'JUAN RODRÍGUEZ CLARA ', 30,1,current_timestamp,NULL),
(2297, 'JUCHIQUE DE FERRER ', 30,1,current_timestamp,NULL),
(2298, 'LANDERO Y COSS ', 30,1,current_timestamp,NULL),
(2299, 'LERDO DE TEJADA ', 30,1,current_timestamp,NULL),
(2300, 'MAGDALENA ', 30,1,current_timestamp,NULL),
(2301, 'MALTRATA ', 30,1,current_timestamp,NULL),
(2302, 'MANLIO FABIO ALTAMIRANO ', 30,1,current_timestamp,NULL),
(2303, 'MARIANO ESCOBEDO ', 30,1,current_timestamp,NULL),
(2304, 'MARTÍNEZ DE LA TORRE ', 30,1,current_timestamp,NULL),
(2305, 'MECATLÁN ', 30,1,current_timestamp,NULL),
(2306, 'MECAYAPAN ', 30,1,current_timestamp,NULL),
(2307, 'MEDELLÍN ', 30,1,current_timestamp,NULL),
(2308, 'MIAHUATLÁN', 30,1,current_timestamp,NULL),
(2309, 'MINAS, LAS', 30,1,current_timestamp,NULL),
(2310, 'MINATITLÁN', 30,1,current_timestamp,NULL),
(2311, 'MISANTLA', 30,1,current_timestamp,NULL),
(2312, 'MIXTLA DE ALTAMIRANO', 30,1,current_timestamp,NULL),
(2313, 'MOLOACÁN', 30,1,current_timestamp,NULL),
(2314, 'NANCHITAL DE LÁZARO CARDENAS DEL RÍO', 30,1,current_timestamp,NULL),
(2315, 'NAOLINCO', 30,1,current_timestamp,NULL),
(2316, 'NARANJAL', 30,1,current_timestamp,NULL),
(2317, 'NARANJOS-AMATLÁN ', 30,1,current_timestamp,NULL),
(2318, 'NAUTLA', 30,1,current_timestamp,NULL),
(2319, 'NOGALES', 30,1,current_timestamp,NULL),
(2320, 'OLUTA', 30,1,current_timestamp,NULL),
(2321, 'OMEALCA', 30,1,current_timestamp,NULL),
(2322, 'ORIZABA', 30,1,current_timestamp,NULL),
(2323, 'OTATITLÁN', 30,1,current_timestamp,NULL),
(2324, 'OTEAPAN', 30,1,current_timestamp,NULL),
(2325, 'OZULUAMA', 30,1,current_timestamp,NULL),
(2326, 'PAJAPAN', 30,1,current_timestamp,NULL),
(2327, 'PÁNUCO', 30,1,current_timestamp,NULL),
(2328, 'PAPANTLA', 30,1,current_timestamp,NULL),
(2329, 'PASO DE OVEJAS', 30,1,current_timestamp,NULL),
(2330, 'PASO DEL MACHO', 30,1,current_timestamp,NULL),
(2331, 'PERLA, LA', 30,1,current_timestamp,NULL),
(2332, 'PEROTE', 30,1,current_timestamp,NULL),
(2333, 'PLATÓN SÁNCHEZ', 30,1,current_timestamp,NULL),
(2334, 'PLAYA VICENTE', 30,1,current_timestamp,NULL),
(2335, 'POZA RICA DE HIDALGO', 30,1,current_timestamp,NULL),
(2336, 'PUEBLO VIEJO', 30,1,current_timestamp,NULL),
(2337, 'PUENTE NACIONAL', 30,1,current_timestamp,NULL),
(2338, 'RAFAEL DELGADO', 30,1,current_timestamp,NULL),
(2339, 'RAFAEL LUCIO', 30,1,current_timestamp,NULL),
(2340, 'REYES, LOS', 30,1,current_timestamp,NULL),
(2341, 'RÍO BLANCO', 30,1,current_timestamp,NULL),
(2342, 'SALTABARRANCA', 30,1,current_timestamp,NULL),
(2343, 'SAN ANDRÉS TENEJAPAN', 30,1,current_timestamp,NULL),
(2344, 'SAN ANDRÉS TUXTLA', 30,1,current_timestamp,NULL),
(2345, 'SAN JUAN EVANGELISTA', 30,1,current_timestamp,NULL),
(2346, 'SAN RAFAEL ', 30,1,current_timestamp,NULL),
(2347, 'SANTIAGO SOCHIAPAN', 30,1,current_timestamp,NULL),
(2348, 'SANTIAGO TUXTLA', 30,1,current_timestamp,NULL),
(2349, 'SAYULA DE ALEMÁN', 30,1,current_timestamp,NULL),
(2350, 'SOCHIAPA', 30,1,current_timestamp,NULL),
(2351, 'SOCONUSCO', 30,1,current_timestamp,NULL),
(2352, 'SOLEDAD ATZOMPA', 30,1,current_timestamp,NULL),
(2353, 'SOLEDAD DE DOBLADO', 30,1,current_timestamp,NULL),
(2354, 'SOTEAPAN', 30,1,current_timestamp,NULL),
(2355, 'TAMALÍN', 30,1,current_timestamp,NULL),
(2356, 'TAMIAHUA', 30,1,current_timestamp,NULL),
(2357, 'TAMPICO ALTO', 30,1,current_timestamp,NULL),
(2358, 'TANCOCO', 30,1,current_timestamp,NULL),
(2359, 'TANTIMA', 30,1,current_timestamp,NULL),
(2360, 'TANTOYUCA', 30,1,current_timestamp,NULL),
(2361, 'TATAHUICAPAN DE JUÁREZ', 30,1,current_timestamp,NULL),
(2362, 'TATATILA', 30,1,current_timestamp,NULL),
(2363, 'TECOLUTLA', 30,1,current_timestamp,NULL),
(2364, 'TEHUIPANGO', 30,1,current_timestamp,NULL),
(2365, 'TEMAPACHE', 30,1,current_timestamp,NULL),
(2366, 'TEMPOAL', 30,1,current_timestamp,NULL),
(2367, 'TENAMPA', 30,1,current_timestamp,NULL),
(2368, 'TENOCHTITLÁN', 30,1,current_timestamp,NULL),
(2369, 'TEOCELO', 30,1,current_timestamp,NULL),
(2370, 'TEPATLAXCO', 30,1,current_timestamp,NULL),
(2371, 'TEPETLÁN', 30,1,current_timestamp,NULL),
(2372, 'TEPETZINTLA', 30,1,current_timestamp,NULL),
(2373, 'TEQUILA', 30,1,current_timestamp,NULL),
(2374, 'TEXCATEPEC', 30,1,current_timestamp,NULL),
(2375, 'TEXHUACÁN', 30,1,current_timestamp,NULL),
(2376, 'TEXISTEPEC', 30,1,current_timestamp,NULL),
(2377, 'TEZONAPA', 30,1,current_timestamp,NULL),
(2378, 'TIERRA BLANCA', 30,1,current_timestamp,NULL),
(2379, 'TIHUATLÁN', 30,1,current_timestamp,NULL),
(2380, 'TLACHICHILCO', 30,1,current_timestamp,NULL),
(2381, 'TLACOJALPAN', 30,1,current_timestamp,NULL),
(2382, 'TLACOLULAN', 30,1,current_timestamp,NULL),
(2383, 'TLACOTALPAN', 30,1,current_timestamp,NULL),
(2384, 'TLACOTEPEC DE MEJÍA', 30,1,current_timestamp,NULL),
(2385, 'TLALIXCOYAN', 30,1,current_timestamp,NULL),
(2386, 'TLALNELHUAYOCAN', 30,1,current_timestamp,NULL),
(2387, 'TLALTETELA ', 30,1,current_timestamp,NULL),
(2388, 'TLAPACOYAN', 30,1,current_timestamp,NULL),
(2389, 'TLAQUILPA', 30,1,current_timestamp,NULL),
(2390, 'TLILAPAN', 30,1,current_timestamp,NULL),
(2391, 'TOMATLÁN', 30,1,current_timestamp,NULL),
(2392, 'TONAYÁN', 30,1,current_timestamp,NULL),
(2393, 'TOTUTLA', 30,1,current_timestamp,NULL),
(2394, 'TRES VALLES', 30,1,current_timestamp,NULL),
(2395, 'TUXPAN', 30,1,current_timestamp,NULL),
(2396, 'TUXTILLA', 30,1,current_timestamp,NULL),
(2397, 'ÚRSULO GALVÁN', 30,1,current_timestamp,NULL),
(2398, 'UXPANAPA', 30,1,current_timestamp,NULL),
(2399, 'VEGA DE ALATORRE', 30,1,current_timestamp,NULL),
(2400, 'VERACRUZ', 30,1,current_timestamp,NULL),
(2401, 'VIGAS DE RAMÍREZ, LAS', 30,1,current_timestamp,NULL),
(2402, 'VILLA ALDAMA', 30,1,current_timestamp,NULL),
(2403, 'XALAPA ', 30,1,current_timestamp,NULL),
(2404, 'XICO ', 30,1,current_timestamp,NULL),
(2405, 'XOXOCOTLA', 30,1,current_timestamp,NULL),
(2406, 'YANGA', 30,1,current_timestamp,NULL),
(2407, 'YECUATLA', 30,1,current_timestamp,NULL),
(2408, 'ZACUALPAN', 30,1,current_timestamp,NULL),
(2409, 'ZARAGOZA', 30,1,current_timestamp,NULL),
(2410, 'ZENTLA', 30,1,current_timestamp,NULL),
(2411, 'ZONGOLICA', 30,1,current_timestamp,NULL),
(2412, 'ZONTECOMATLÁN', 30,1,current_timestamp,NULL),
(2413, 'ZOZOCOLCO DE HIDALGO', 30,1,current_timestamp,NULL),
(2414, 'Abalá', 31,1,current_timestamp,NULL),
(2415, 'Acanceh', 31,1,current_timestamp,NULL),
(2416, 'Akil', 31,1,current_timestamp,NULL),
(2417, 'Baca', 31,1,current_timestamp,NULL),
(2418, 'Bokobá', 31,1,current_timestamp,NULL),
(2419, 'Buctzotz', 31,1,current_timestamp,NULL),
(2420, 'Cacalchén', 31,1,current_timestamp,NULL),
(2421, 'Calotmul', 31,1,current_timestamp,NULL),
(2422, 'Cansahcab', 31,1,current_timestamp,NULL),
(2423, 'Cantamayec', 31,1,current_timestamp,NULL),
(2424, 'Celestún', 31,1,current_timestamp,NULL),
(2425, 'Cenotillo', 31,1,current_timestamp,NULL),
(2426, 'Conkal', 31,1,current_timestamp,NULL),
(2427, 'Cuncunul', 31,1,current_timestamp,NULL),
(2428, 'Cuzamá', 31,1,current_timestamp,NULL),
(2429, 'Chacsinkín', 31,1,current_timestamp,NULL),
(2430, 'Chankom', 31,1,current_timestamp,NULL),
(2431, 'Chapab', 31,1,current_timestamp,NULL),
(2432, 'Chemax', 31,1,current_timestamp,NULL),
(2433, 'Chicxulub Pueblo', 31,1,current_timestamp,NULL),
(2434, 'Chichimilá', 31,1,current_timestamp,NULL),
(2435, 'Chikindzonot', 31,1,current_timestamp,NULL),
(2436, 'Chocholá', 31,1,current_timestamp,NULL),
(2437, 'Chumayel', 31,1,current_timestamp,NULL),
(2438, 'Dzan', 31,1,current_timestamp,NULL),
(2439, 'Dzemul', 31,1,current_timestamp,NULL),
(2440, 'Dzidzantún', 31,1,current_timestamp,NULL),
(2441, 'Dzilam de Bravo', 31,1,current_timestamp,NULL),
(2442, 'Dzilam González', 31,1,current_timestamp,NULL),
(2443, 'Dzitás', 31,1,current_timestamp,NULL),
(2444, 'Dzoncauich', 31,1,current_timestamp,NULL),
(2445, 'Espita', 31,1,current_timestamp,NULL),
(2446, 'Halachó', 31,1,current_timestamp,NULL),
(2447, 'Hocabá', 31,1,current_timestamp,NULL),
(2448, 'Hoctún', 31,1,current_timestamp,NULL),
(2449, 'Homún', 31,1,current_timestamp,NULL),
(2450, 'Huhí', 31,1,current_timestamp,NULL),
(2451, 'Hunucmá', 31,1,current_timestamp,NULL),
(2452, 'Ixil', 31,1,current_timestamp,NULL),
(2453, 'Izamal', 31,1,current_timestamp,NULL),
(2454, 'Kanasín', 31,1,current_timestamp,NULL),
(2455, 'Kantunil', 31,1,current_timestamp,NULL),
(2456, 'Kaua', 31,1,current_timestamp,NULL),
(2457, 'Kinchil', 31,1,current_timestamp,NULL),
(2458, 'Kopomá', 31,1,current_timestamp,NULL),
(2459, 'Mama', 31,1,current_timestamp,NULL),
(2460, 'Maní', 31,1,current_timestamp,NULL),
(2461, 'Maxcanú', 31,1,current_timestamp,NULL),
(2462, 'Mayapán', 31,1,current_timestamp,NULL),
(2463, 'Mérida', 31,1,current_timestamp,NULL),
(2464, 'Mocochá', 31,1,current_timestamp,NULL),
(2465, 'Motul', 31,1,current_timestamp,NULL),
(2466, 'Muna', 31,1,current_timestamp,NULL),
(2467, 'Muxupip', 31,1,current_timestamp,NULL),
(2468, 'Opichén', 31,1,current_timestamp,NULL),
(2469, 'Oxkutzcab', 31,1,current_timestamp,NULL),
(2470, 'Panabá', 31,1,current_timestamp,NULL),
(2471, 'Peto', 31,1,current_timestamp,NULL),
(2472, 'Progreso', 31,1,current_timestamp,NULL),
(2473, 'Quintana Roo Roo', 31,1,current_timestamp,NULL),
(2474, 'Río Lagartos', 31,1,current_timestamp,NULL),
(2475, 'Sacalum', 31,1,current_timestamp,NULL),
(2476, 'Samahil', 31,1,current_timestamp,NULL),
(2477, 'Sanahcat', 31,1,current_timestamp,NULL),
(2478, 'San Felipe', 31,1,current_timestamp,NULL),
(2479, 'Santa Elena', 31,1,current_timestamp,NULL),
(2480, 'Seyé', 31,1,current_timestamp,NULL),
(2481, 'Sinanché', 31,1,current_timestamp,NULL),
(2482, 'Sotuta', 31,1,current_timestamp,NULL),
(2483, 'Sucilá', 31,1,current_timestamp,NULL),
(2484, 'Sudzal', 31,1,current_timestamp,NULL),
(2485, 'Suma', 31,1,current_timestamp,NULL),
(2486, 'Tahdziú', 31,1,current_timestamp,NULL),
(2487, 'Tahmek', 31,1,current_timestamp,NULL),
(2488, 'Teabo', 31,1,current_timestamp,NULL),
(2489, 'Tecoh', 31,1,current_timestamp,NULL),
(2490, 'Tekal de Venegas', 31,1,current_timestamp,NULL),
(2491, 'Tekantó', 31,1,current_timestamp,NULL),
(2492, 'Tekax', 31,1,current_timestamp,NULL),
(2493, 'Tekit', 31,1,current_timestamp,NULL),
(2494, 'Tekom', 31,1,current_timestamp,NULL),
(2495, 'Telchac Pueblo', 31,1,current_timestamp,NULL),
(2496, 'Telchac Puerto', 31,1,current_timestamp,NULL),
(2497, 'Temax', 31,1,current_timestamp,NULL),
(2498, 'Temozón', 31,1,current_timestamp,NULL),
(2499, 'Tepakán', 31,1,current_timestamp,NULL),
(2500, 'Tetiz', 31,1,current_timestamp,NULL),
(2501, 'Teya', 31,1,current_timestamp,NULL),
(2502, 'Ticul', 31,1,current_timestamp,NULL),
(2503, 'Timucuy', 31,1,current_timestamp,NULL),
(2504, 'Tinúm', 31,1,current_timestamp,NULL),
(2505, 'Tixcacalcupul', 31,1,current_timestamp,NULL),
(2506, 'Tixkokob', 31,1,current_timestamp,NULL),
(2507, 'Tixméhuac', 31,1,current_timestamp,NULL),
(2508, 'Tixpéhual', 31,1,current_timestamp,NULL),
(2509, 'Tizimín', 31,1,current_timestamp,NULL),
(2510, 'Tunkás', 31,1,current_timestamp,NULL),
(2511, 'Tzucacab', 31,1,current_timestamp,NULL),
(2512, 'Uayma', 31,1,current_timestamp,NULL),
(2513, 'Ucú', 31,1,current_timestamp,NULL),
(2514, 'Umán', 31,1,current_timestamp,NULL),
(2515, 'Valladolid', 31,1,current_timestamp,NULL),
(2516, 'Xocchel', 31,1,current_timestamp,NULL),
(2517, 'Yaxcabá', 31,1,current_timestamp,NULL),
(2518, 'Yaxkukul', 31,1,current_timestamp,NULL),
(2519, 'Yobaín', 31,1,current_timestamp,NULL),
(2520, 'Apozol ', 32,1,current_timestamp,NULL),
(2521, 'Apulco ', 32,1,current_timestamp,NULL),
(2522, 'Atolinga ', 32,1,current_timestamp,NULL),
(2523, 'Benito Juárez ', 32,1,current_timestamp,NULL),
(2524, 'Calera ', 32,1,current_timestamp,NULL),
(2525, 'Cañitas de Feilpe Pescador ', 32,1,current_timestamp,NULL),
(2526, 'Concepción del Oro ', 32,1,current_timestamp,NULL),
(2527, 'Cuauhtémoc ', 32,1,current_timestamp,NULL),
(2528, 'Chalchihuites ', 32,1,current_timestamp,NULL),
(2529, 'Fresnillo ', 32,1,current_timestamp,NULL),
(2530, 'Genaro Codina ', 32,1,current_timestamp,NULL),
(2531, 'General Enrique Estrada ', 32,1,current_timestamp,NULL),
(2532, 'General Francisco R. Murguía ', 32,1,current_timestamp,NULL),
(2533, 'General Pánfilo Natera ', 32,1,current_timestamp,NULL),
(2534, 'Guadalupe ', 32,1,current_timestamp,NULL),
(2535, 'Huanusco ', 32,1,current_timestamp,NULL),
(2536, 'Jalpa ', 32,1,current_timestamp,NULL),
(2537, 'Jerez ', 32,1,current_timestamp,NULL),
(2538, 'Jiménez del Teul ', 32,1,current_timestamp,NULL),
(2539, 'Santa María de la Paz ', 32,1,current_timestamp,NULL),
(2540, 'Juan Aldama ', 32,1,current_timestamp,NULL),
(2541, 'Juchipila ', 32,1,current_timestamp,NULL),
(2542, 'Loreto ', 32,1,current_timestamp,NULL),
(2543, 'Luis Moya ', 32,1,current_timestamp,NULL),
(2544, 'Mazapil ', 32,1,current_timestamp,NULL),
(2545, 'Melchor Ocampo ', 32,1,current_timestamp,NULL),
(2546, 'Mezquital del Oro ', 32,1,current_timestamp,NULL),
(2547, 'Miguel Auza ', 32,1,current_timestamp,NULL),
(2548, 'Momax ', 32,1,current_timestamp,NULL),
(2549, 'Monte Escobedo ', 32,1,current_timestamp,NULL),
(2550, 'Morelos ', 32,1,current_timestamp,NULL),
(2551, 'Moyahua de Estrada ', 32,1,current_timestamp,NULL),
(2552, 'Nochistlán de Mejía ', 32,1,current_timestamp,NULL),
(2553, 'Noria de Ángeles ', 32,1,current_timestamp,NULL),
(2554, 'Ojocaliente ', 32,1,current_timestamp,NULL),
(2555, 'Pánuco ', 32,1,current_timestamp,NULL),
(2556, 'Pinos ', 32,1,current_timestamp,NULL),
(2557, 'Plateado de Joaquín Amaro, El ', 32,1,current_timestamp,NULL),
(2558, 'Río Grande ', 32,1,current_timestamp,NULL),
(2559, 'Saín Alto', 32,1,current_timestamp,NULL),
(2560, 'Salvador, El', 32,1,current_timestamp,NULL),
(2561, 'Sombrerete', 32,1,current_timestamp,NULL),
(2562, 'Susticacán', 32,1,current_timestamp,NULL),
(2563, 'Tabasco', 32,1,current_timestamp,NULL),
(2564, 'Tepechitlán', 32,1,current_timestamp,NULL),
(2565, 'Tepetongo', 32,1,current_timestamp,NULL),
(2566, 'Teul de González Ortega', 32,1,current_timestamp,NULL),
(2567, 'Tlaltenango de Sánchez Román', 32,1,current_timestamp,NULL),
(2568, 'Trancoso', 32,1,current_timestamp,NULL),
(2569, 'Trinidad García de la Cadena', 32,1,current_timestamp,NULL),
(2570, 'Valparaíso', 32,1,current_timestamp,NULL),
(2571, 'Vetagrande', 32,1,current_timestamp,NULL),
(2572, 'Villa de Cos', 32,1,current_timestamp,NULL),
(2573, 'Villa García', 32,1,current_timestamp,NULL),
(2574, 'Villa González Ortega', 32,1,current_timestamp,NULL),
(2575, 'Villa Hidalgo', 32,1,current_timestamp,NULL),
(2576, 'Villanueva', 32,1,current_timestamp,NULL),
(2577, 'Zacatecas', 32,1,current_timestamp,NULL);



